id,value,weight,volume,category
0,4193,611,935,cat_0
1,9261,304,355,cat_4
2,2604,293,6,cat_1
3,6972,380,949,cat_3
4,5699,538,53,cat_2
5,3413,701,604,cat_1
6,2245,83,896,cat_4
7,5630,887,645,cat_2
8,8733,24,780,cat_4
9,2930,303,767,cat_2
10,1857,355,377,cat_4
11,6784,275,679,cat_2
12,9706,68,257,cat_4
13,8629,617,802,cat_1
14,4767,648,473,cat_2
15,1941,378,220,cat_1
16,8717,878,512,cat_4
17,3234,751,392,cat_1
18,6135,362,389,cat_0
19,7827,339,826,cat_0
20,1770,707,198,cat_1
21,4056,811,229,cat_4
22,7421,601,765,cat_0
23,4664,96,623,cat_0
24,3759,287,297,cat_2
25,1019,995,754,cat_0
26,8318,162,811,cat_1
27,4264,64,168,cat_3
28,2101,535,874,cat_0
29,462,254,367,cat_2
30,3946,669,251,cat_4
31,4547,944,81,cat_2
32,5534,316,72,cat_1
33,8630,155,869,cat_1
34,9985,397,342,cat_0
35,7743,322,13,cat_2
36,339,790,382,cat_2
37,3749,746,384,cat_2
38,6684,176,507,cat_2
39,1286,404,895,cat_4
40,8668,891,11,cat_0
41,8916,287,372,cat_2
42,1203,427,242,cat_3
43,9586,295,619,cat_1
44,4137,927,154,cat_3
45,7246,637,543,cat_2
46,1161,770,391,cat_2
47,2269,948,304,cat_2
48,9348,962,797,cat_2
49,3972,24,116,cat_1
50,2950,679,733,cat_1
51,1622,726,996,cat_0
52,3026,808,635,cat_1
53,4216,535,168,cat_3
54,6511,981,274,cat_1
55,5746,63,297,cat_1
56,7141,30,551,cat_4
57,9830,371,694,cat_3
58,4910,734,789,cat_1
59,5023,208,744,cat_3
60,6281,397,611,cat_4
61,7175,215,478,cat_4
62,5824,58,249,cat_4
63,7315,467,631,cat_2
64,9772,682,172,cat_2
65,6267,921,837,cat_3
66,5892,725,480,cat_1
67,6456,424,813,cat_4
68,7180,242,866,cat_3
69,2137,85,657,cat_4
70,2673,932,291,cat_3
71,4614,669,98,cat_3
72,6308,207,670,cat_1
73,4238,205,963,cat_4
74,1930,74,555,cat_0
75,1068,329,266,cat_3
76,4702,763,515,cat_0
77,3958,728,693,cat_1
78,130,464,78,cat_4
79,4294,824,320,cat_1
80,6771,933,421,cat_4
81,6790,14,267,cat_1
82,8477,438,993,cat_3
83,9953,406,585,cat_4
84,8500,398,192,cat_0
85,6761,458,295,cat_3
86,723,991,987,cat_1
87,8503,319,147,cat_3
88,193,368,72,cat_0
89,4593,243,731,cat_2
90,5568,680,770,cat_1
91,1453,292,495,cat_1
92,731,851,163,cat_4
93,3532,865,345,cat_3
94,9389,999,847,cat_1
95,8095,848,196,cat_1
96,7299,252,517,cat_0
97,6356,137,643,cat_1
98,2550,12,980,cat_3
99,4384,650,873,cat_3
100,9384,608,8,cat_0
101,7922,815,900,cat_3
102,420,754,521,cat_3
103,3237,533,97,cat_0
104,4630,616,257,cat_1
105,9613,385,882,cat_3
106,5256,461,498,cat_3
107,7818,376,498,cat_2
108,7576,274,937,cat_2
109,2745,173,619,cat_3
110,8975,388,89,cat_0
111,1603,436,663,cat_1
112,293,896,920,cat_1
113,41,100,460,cat_4
114,9344,633,734,cat_2
115,3985,850,66,cat_1
116,8371,254,353,cat_0
117,3086,39,934,cat_1
118,8529,535,991,cat_2
119,5896,194,285,cat_3
120,5237,868,622,cat_3
121,2979,377,937,cat_1
122,6002,539,458,cat_0
123,5758,37,662,cat_1
124,8167,908,416,cat_2
125,9162,310,170,cat_3
126,3787,488,2,cat_4
127,5036,926,943,cat_4
128,8479,40,463,cat_4
129,860,235,234,cat_1
130,167,298,515,cat_0
131,5864,204,454,cat_2
132,6408,773,236,cat_2
133,3639,124,523,cat_4
134,4114,873,976,cat_2
135,9853,491,930,cat_2
136,3242,196,288,cat_3
137,8878,841,45,cat_4
138,9822,428,705,cat_0
139,1700,809,597,cat_1
140,4590,312,587,cat_4
141,6919,600,381,cat_1
142,6255,639,111,cat_2
143,19,59,123,cat_0
144,3951,830,711,cat_1
145,7125,395,754,cat_2
146,5371,940,347,cat_1
147,3626,357,765,cat_2
148,5009,366,64,cat_2
149,4418,576,460,cat_3
150,1626,72,736,cat_4
151,7479,640,221,cat_0
152,4774,908,389,cat_3
153,5953,620,99,cat_2
154,3423,461,711,cat_3
155,8436,385,852,cat_1
156,7781,424,836,cat_3
157,8327,402,132,cat_1
158,4837,436,602,cat_0
159,6431,107,954,cat_4
160,8441,444,381,cat_2
161,2523,431,883,cat_1
162,3369,853,476,cat_2
163,4291,192,277,cat_0
164,2580,44,10,cat_0
165,8390,978,613,cat_2
166,8216,440,879,cat_2
167,8698,397,923,cat_3
168,8144,826,624,cat_4
169,1924,667,37,cat_1
170,9959,963,346,cat_0
171,7832,216,84,cat_0
172,9782,580,181,cat_1
173,4896,170,778,cat_2
174,9178,94,697,cat_1
175,4433,374,317,cat_4
176,9023,48,144,cat_3
177,9739,42,353,cat_3
178,5536,353,398,cat_1
179,2164,596,653,cat_1
180,2605,443,794,cat_1
181,4248,706,429,cat_1
182,1791,746,163,cat_2
183,2773,125,127,cat_0
184,6013,922,655,cat_4
185,4905,79,196,cat_4
186,744,100,724,cat_4
187,5276,502,35,cat_0
188,1602,256,437,cat_4
189,5204,246,891,cat_2
190,9963,87,819,cat_0
191,1036,238,249,cat_1
192,3149,644,512,cat_1
193,3381,123,809,cat_0
194,2156,753,729,cat_0
195,5656,564,245,cat_2
196,943,292,77,cat_3
197,5786,478,363,cat_0
198,3909,726,709,cat_2
199,5743,36,400,cat_3
200,4376,636,229,cat_1
201,5246,416,180,cat_1
202,5994,876,20,cat_2
203,9507,202,200,cat_4
204,5446,782,241,cat_2
205,6822,685,289,cat_4
206,6996,668,48,cat_0
207,5476,568,85,cat_1
208,8480,595,51,cat_2
209,917,876,348,cat_1
210,9778,619,851,cat_1
211,9201,77,860,cat_4
212,3690,942,337,cat_1
213,5872,468,568,cat_4
214,8331,372,407,cat_2
215,7727,755,78,cat_3
216,293,454,346,cat_3
217,5302,754,777,cat_0
218,395,585,37,cat_3
219,2486,870,573,cat_0
220,9973,818,193,cat_4
221,75,754,687,cat_4
222,966,98,848,cat_1
223,4962,231,250,cat_3
224,3550,378,445,cat_4
225,9644,152,556,cat_0
226,6832,697,780,cat_2
227,5812,73,778,cat_0
228,2854,861,206,cat_2
229,4662,429,816,cat_3
230,4846,383,814,cat_3
231,1413,213,625,cat_4
232,7701,378,296,cat_4
233,7337,783,680,cat_4
234,2383,89,7,cat_4
235,9449,489,241,cat_0
236,4995,580,907,cat_0
237,439,607,636,cat_1
238,1242,495,383,cat_0
239,9334,499,472,cat_4
240,1343,294,751,cat_2
241,1293,785,258,cat_0
242,693,347,229,cat_0
243,6008,729,689,cat_4
244,70,413,532,cat_4
245,6698,786,478,cat_3
246,4509,333,91,cat_4
247,8563,927,532,cat_0
248,2048,995,722,cat_3
249,7813,953,399,cat_2
250,7637,835,735,cat_2
251,1612,653,224,cat_1
252,8578,832,642,cat_0
253,6648,175,799,cat_2
254,2507,956,185,cat_4
255,6810,729,520,cat_3
256,7428,976,988,cat_3
257,174,541,811,cat_4
258,7570,222,756,cat_0
259,2315,66,564,cat_3
260,3325,666,599,cat_0
261,293,165,770,cat_3
262,9163,841,213,cat_3
263,2745,939,779,cat_1
264,2936,333,786,cat_3
265,7884,289,115,cat_3
266,5542,467,739,cat_3
267,4445,379,562,cat_1
268,8507,372,184,cat_2
269,4650,957,633,cat_1
270,9960,959,805,cat_0
271,9785,695,947,cat_3
272,1109,315,83,cat_2
273,7526,823,837,cat_4
274,4977,708,453,cat_3
275,2590,674,10,cat_2
276,7843,142,535,cat_1
277,2584,250,66,cat_0
278,2853,281,434,cat_1
279,9648,871,116,cat_4
280,3232,70,994,cat_4
281,5569,819,66,cat_1
282,3342,638,237,cat_2
283,9781,247,734,cat_4
284,8656,916,888,cat_3
285,8452,861,209,cat_0
286,5917,117,724,cat_2
287,1461,761,114,cat_2
288,1750,172,319,cat_2
289,8437,264,736,cat_3
290,8957,186,624,cat_4
291,6181,161,301,cat_3
292,633,171,459,cat_3
293,6273,522,814,cat_3
294,5837,585,209,cat_0
295,5232,201,821,cat_4
296,5343,322,628,cat_1
297,7416,75,741,cat_2
298,5835,676,673,cat_4
299,7852,886,932,cat_0
300,7710,521,457,cat_4
301,9846,387,589,cat_1
302,7397,541,400,cat_0
303,7837,298,553,cat_1
304,4557,472,60,cat_4
305,2720,599,687,cat_2
306,9921,852,785,cat_0
307,9163,871,901,cat_1
308,7748,802,951,cat_4
309,2422,668,433,cat_2
310,6392,890,852,cat_1
311,6693,72,200,cat_3
312,7622,982,622,cat_1
313,760,159,558,cat_4
314,4305,391,810,cat_0
315,3361,653,610,cat_0
316,1705,992,176,cat_2
317,6281,892,954,cat_1
318,3937,797,949,cat_1
319,5436,740,623,cat_1
320,2280,869,300,cat_2
321,2270,663,520,cat_1
322,4228,461,382,cat_1
323,6936,658,793,cat_2
324,5775,259,239,cat_0
325,3909,903,260,cat_4
326,1205,606,864,cat_4
327,9356,611,149,cat_4
328,9407,316,255,cat_2
329,827,709,483,cat_2
330,3792,144,508,cat_4
331,5932,234,956,cat_4
332,3829,55,379,cat_0
333,5546,243,11,cat_3
334,1018,212,645,cat_4
335,7515,45,868,cat_2
336,9067,594,313,cat_1
337,3353,257,397,cat_3
338,4740,347,922,cat_0
339,7005,298,313,cat_1
340,7685,786,882,cat_0
341,1016,544,110,cat_0
342,7058,411,50,cat_4
343,6271,622,985,cat_1
344,4247,479,426,cat_2
345,7033,129,142,cat_0
346,1902,813,591,cat_4
347,8772,412,273,cat_1
348,8534,309,45,cat_1
349,2180,496,952,cat_2
350,5267,939,366,cat_0
351,425,188,979,cat_4
352,6788,144,660,cat_3
353,3754,579,547,cat_2
354,1448,884,960,cat_1
355,7611,137,597,cat_4
356,6257,18,176,cat_4
357,714,528,521,cat_0
358,8676,423,718,cat_0
359,9876,81,406,cat_2
360,4197,416,826,cat_1
361,6722,692,631,cat_4
362,5279,741,547,cat_1
363,4129,950,818,cat_2
364,1580,40,253,cat_3
365,3126,628,610,cat_2
366,9119,260,18,cat_0
367,1859,715,455,cat_1
368,4258,71,275,cat_2
369,595,286,791,cat_4
370,4393,164,243,cat_2
371,2139,498,229,cat_2
372,4840,933,70,cat_4
373,5380,963,200,cat_4
374,5879,185,166,cat_4
375,3393,150,416,cat_1
376,3638,544,76,cat_3
377,2543,991,710,cat_1
378,342,165,495,cat_4
379,9315,376,735,cat_1
380,1790,59,500,cat_2
381,6068,277,493,cat_1
382,8511,78,425,cat_0
383,321,568,643,cat_0
384,3663,826,883,cat_0
385,8071,906,813,cat_3
386,1382,266,511,cat_4
387,6014,279,155,cat_1
388,2486,185,655,cat_4
389,3065,855,258,cat_2
390,8843,48,323,cat_0
391,3238,213,143,cat_2
392,6853,428,962,cat_1
393,4492,412,967,cat_3
394,3000,215,658,cat_3
395,2854,927,976,cat_0
396,9627,150,624,cat_0
397,9276,181,772,cat_2
398,3676,83,617,cat_0
399,3451,539,581,cat_2
400,5195,37,582,cat_3
401,3273,778,729,cat_4
402,8484,705,74,cat_3
403,8009,465,648,cat_3
404,3547,568,881,cat_2
405,1405,520,102,cat_4
406,6655,401,539,cat_2
407,7675,173,231,cat_0
408,9804,389,696,cat_4
409,3736,427,555,cat_4
410,666,620,817,cat_0
411,3387,479,627,cat_3
412,7558,787,750,cat_2
413,8704,108,89,cat_2
414,7523,917,535,cat_2
415,529,809,264,cat_3
416,1285,921,224,cat_1
417,2230,886,769,cat_0
418,5405,550,623,cat_1
419,8288,362,697,cat_1
420,2336,744,785,cat_3
421,1333,526,376,cat_2
422,9370,831,106,cat_0
423,8213,652,652,cat_4
424,3998,406,512,cat_1
425,2718,194,790,cat_0
426,1343,510,599,cat_0
427,8998,17,451,cat_2
428,5738,184,52,cat_3
429,5797,489,325,cat_2
430,1555,106,614,cat_1
431,7562,434,641,cat_2
432,8012,700,740,cat_4
433,1,975,900,cat_4
434,8260,286,918,cat_4
435,1522,243,980,cat_3
436,242,102,628,cat_0
437,1692,923,185,cat_1
438,2558,62,637,cat_1
439,8632,340,883,cat_1
440,8017,551,315,cat_0
441,5108,974,518,cat_1
442,3077,582,967,cat_4
443,9220,930,729,cat_0
444,6476,367,200,cat_2
445,8783,495,638,cat_4
446,9776,678,293,cat_4
447,8801,192,278,cat_1
448,5412,375,34,cat_4
449,3294,59,450,cat_3
450,7824,764,651,cat_2
451,6295,599,705,cat_0
452,8737,72,534,cat_0
453,8456,305,519,cat_4
454,8539,230,829,cat_2
455,4082,866,835,cat_2
456,6177,125,89,cat_1
457,631,441,881,cat_1
458,7824,837,874,cat_3
459,1897,262,320,cat_4
460,3825,207,222,cat_0
461,7974,15,687,cat_1
462,4791,883,506,cat_0
463,9061,483,413,cat_4
464,8531,96,963,cat_0
465,1245,825,676,cat_3
466,3655,620,637,cat_1
467,86,34,199,cat_1
468,927,49,631,cat_2
469,8875,998,800,cat_2
470,9874,498,499,cat_0
471,8506,226,930,cat_1
472,3528,179,587,cat_1
473,6121,548,738,cat_4
474,8163,321,249,cat_0
475,8299,748,4,cat_0
476,8231,720,572,cat_2
477,9970,94,655,cat_3
478,2578,216,198,cat_3
479,7062,771,53,cat_1
480,4803,553,568,cat_3
481,7957,86,269,cat_3
482,3727,237,576,cat_3
483,5383,715,959,cat_4
484,9163,250,485,cat_1
485,9880,116,819,cat_0
486,9538,814,114,cat_3
487,6527,582,432,cat_3
488,4026,66,418,cat_1
489,5634,966,386,cat_2
490,3304,590,196,cat_3
491,4860,77,594,cat_1
492,5344,562,676,cat_0
493,6117,626,385,cat_2
494,4469,890,510,cat_1
495,1377,504,398,cat_1
496,8673,130,16,cat_3
497,9116,369,508,cat_1
498,8898,692,712,cat_1
499,5461,452,704,cat_4
500,1107,411,706,cat_4
501,1569,538,154,cat_3
502,5357,797,948,cat_3
503,3182,880,33,cat_1
504,1751,125,59,cat_0
505,7413,253,893,cat_1
506,6322,325,377,cat_3
507,3536,446,911,cat_4
508,9825,314,676,cat_0
509,5861,718,200,cat_0
510,2445,74,256,cat_2
511,3342,259,917,cat_0
512,8527,738,104,cat_3
513,222,995,65,cat_4
514,1399,546,178,cat_0
515,7182,770,344,cat_0
516,5855,197,73,cat_2
517,3799,953,134,cat_4
518,6058,533,322,cat_4
519,7086,491,753,cat_4
520,9111,483,82,cat_3
521,7753,502,154,cat_0
522,9696,957,338,cat_0
523,2868,507,710,cat_2
524,3205,957,200,cat_2
525,184,653,92,cat_2
526,5265,878,424,cat_0
527,5163,290,490,cat_0
528,9751,810,841,cat_2
529,6353,488,421,cat_1
530,1197,910,163,cat_2
531,8668,164,252,cat_2
532,7950,240,317,cat_4
533,4162,304,873,cat_1
534,217,885,229,cat_1
535,187,70,207,cat_0
536,4790,986,84,cat_3
537,1278,758,471,cat_1
538,8252,557,550,cat_2
539,7920,391,638,cat_2
540,7576,163,563,cat_4
541,164,946,750,cat_1
542,2754,33,412,cat_4
543,7022,989,895,cat_0
544,782,672,679,cat_2
545,3312,534,988,cat_0
546,5655,734,235,cat_1
547,5706,951,134,cat_4
548,9343,704,431,cat_4
549,1727,28,961,cat_2
550,5835,202,66,cat_2
551,3254,755,977,cat_3
552,7217,727,65,cat_2
553,8721,993,984,cat_4
554,6341,384,157,cat_2
555,9810,691,304,cat_0
556,7805,220,895,cat_3
557,8290,603,676,cat_2
558,7270,689,400,cat_3
559,7548,969,326,cat_1
560,2700,509,994,cat_1
561,5571,397,576,cat_1
562,6377,204,53,cat_3
563,6297,572,910,cat_1
564,6429,676,501,cat_1
565,4442,301,399,cat_1
566,1818,255,546,cat_1
567,7359,443,283,cat_2
568,2773,537,277,cat_4
569,4033,862,301,cat_3
570,3790,109,266,cat_1
571,2040,256,266,cat_0
572,8910,572,742,cat_2
573,2571,701,681,cat_4
574,5613,180,848,cat_3
575,9653,192,820,cat_0
576,1019,808,848,cat_3
577,5189,191,129,cat_3
578,3195,460,961,cat_0
579,9842,445,390,cat_2
580,5677,673,809,cat_3
581,461,682,598,cat_3
582,9306,398,618,cat_1
583,6846,169,792,cat_0
584,9017,777,272,cat_2
585,8534,251,740,cat_4
586,8427,877,689,cat_3
587,7350,605,827,cat_0
588,7562,136,831,cat_3
589,1109,482,226,cat_2
590,1020,78,481,cat_2
591,8786,211,11,cat_1
592,2489,897,132,cat_4
593,9124,804,619,cat_2
594,49,182,471,cat_3
595,4829,785,892,cat_0
596,738,254,651,cat_0
597,1204,875,104,cat_0
598,1167,264,725,cat_3
599,2408,858,348,cat_1
600,4567,96,510,cat_1
601,7177,162,818,cat_4
602,3150,117,608,cat_2
603,5797,428,314,cat_0
604,8836,982,368,cat_4
605,2384,508,876,cat_0
606,8727,858,313,cat_4
607,2362,597,360,cat_2
608,6767,273,619,cat_4
609,980,966,823,cat_0
610,2338,205,304,cat_4
611,2202,378,950,cat_3
612,9246,631,76,cat_3
613,9792,510,676,cat_4
614,9216,752,642,cat_2
615,1737,614,229,cat_0
616,9991,731,519,cat_2
617,9765,997,822,cat_4
618,3521,952,635,cat_2
619,4376,160,590,cat_3
620,7503,57,921,cat_3
621,2881,954,214,cat_4
622,501,823,800,cat_2
623,8128,944,948,cat_1
624,7819,942,196,cat_4
625,3587,413,619,cat_4
626,6411,576,233,cat_3
627,8115,154,875,cat_1
628,9217,863,678,cat_2
629,7909,268,399,cat_2
630,6619,347,17,cat_0
631,113,562,420,cat_0
632,1684,628,574,cat_0
633,8041,741,102,cat_4
634,4689,763,383,cat_1
635,4003,345,217,cat_2
636,2633,449,900,cat_1
637,3802,793,695,cat_0
638,7668,985,148,cat_2
639,3715,793,52,cat_0
640,4308,970,717,cat_4
641,5261,961,442,cat_2
642,9789,405,576,cat_3
643,1129,844,814,cat_1
644,3908,84,838,cat_2
645,2249,299,322,cat_0
646,1489,837,175,cat_0
647,6723,826,883,cat_3
648,3183,167,657,cat_4
649,7866,322,603,cat_1
650,7330,329,585,cat_3
651,1624,670,626,cat_3
652,9910,8,944,cat_0
653,9779,184,540,cat_1
654,9910,125,137,cat_0
655,9710,487,838,cat_2
656,239,528,857,cat_2
657,1990,662,344,cat_4
658,6436,517,137,cat_4
659,6455,169,789,cat_0
660,2965,35,649,cat_2
661,5728,301,698,cat_4
662,2341,318,499,cat_2
663,8757,972,988,cat_2
664,4111,683,953,cat_1
665,6661,169,647,cat_4
666,4673,79,639,cat_1
667,8614,782,191,cat_4
668,9775,512,308,cat_0
669,8194,799,950,cat_0
670,5397,485,936,cat_4
671,9048,260,266,cat_0
672,1018,299,399,cat_4
673,6786,11,599,cat_1
674,1860,908,418,cat_0
675,371,610,5,cat_3
676,5612,812,555,cat_0
677,2322,770,320,cat_0
678,3306,899,893,cat_1
679,1307,512,597,cat_0
680,5578,511,94,cat_0
681,8917,325,412,cat_2
682,2128,691,893,cat_4
683,6904,830,311,cat_0
684,6518,880,195,cat_1
685,4244,336,923,cat_0
686,7672,665,544,cat_0
687,3853,415,626,cat_2
688,878,260,592,cat_0
689,5227,163,656,cat_3
690,1652,496,968,cat_3
691,965,424,32,cat_3
692,369,273,816,cat_3
693,4123,317,82,cat_1
694,1633,948,488,cat_3
695,4125,643,770,cat_1
696,7620,994,226,cat_0
697,3700,770,230,cat_2
698,3219,319,832,cat_2
699,2117,565,676,cat_4
700,2808,16,61,cat_0
701,2495,49,732,cat_0
702,3892,523,587,cat_1
703,192,793,683,cat_1
704,4856,45,444,cat_2
705,204,834,971,cat_1
706,155,385,226,cat_3
707,4778,439,921,cat_0
708,1045,652,943,cat_2
709,5301,73,897,cat_0
710,1308,532,142,cat_3
711,2930,586,797,cat_3
712,6655,164,963,cat_3
713,3589,545,202,cat_0
714,2213,427,524,cat_4
715,3288,453,367,cat_4
716,3392,156,923,cat_0
717,6435,375,814,cat_3
718,7662,142,637,cat_2
719,7262,380,885,cat_2
720,2999,152,423,cat_1
721,1332,871,835,cat_3
722,4597,944,637,cat_3
723,6324,503,72,cat_1
724,4373,6,559,cat_2
725,73,598,986,cat_0
726,4512,380,387,cat_2
727,9112,691,345,cat_4
728,55,243,99,cat_4
729,5454,823,354,cat_3
730,6879,194,395,cat_2
731,8831,406,26,cat_0
732,6565,267,223,cat_1
733,9475,846,348,cat_1
734,1224,159,741,cat_4
735,3732,485,833,cat_0
736,2427,288,713,cat_2
737,6028,178,119,cat_1
738,125,368,508,cat_0
739,9937,612,991,cat_4
740,3315,576,545,cat_2
741,7571,810,250,cat_2
742,9042,967,63,cat_0
743,4251,606,201,cat_3
744,8748,982,352,cat_0
745,7260,744,885,cat_1
746,9307,302,216,cat_0
747,1126,143,792,cat_1
748,8008,767,967,cat_0
749,432,908,119,cat_2
750,790,130,98,cat_0
751,4829,237,103,cat_0
752,8363,451,147,cat_1
753,3974,809,300,cat_4
754,3485,597,590,cat_0
755,4821,991,837,cat_2
756,69,521,167,cat_4
757,9154,836,310,cat_3
758,4815,769,939,cat_2
759,2723,94,135,cat_1
760,5787,252,372,cat_3
761,7535,419,223,cat_1
762,4663,755,169,cat_0
763,9060,972,298,cat_1
764,4655,247,851,cat_1
765,6344,607,50,cat_3
766,2566,395,309,cat_0
767,8871,95,868,cat_3
768,1901,211,208,cat_2
769,8583,952,600,cat_4
770,7210,849,349,cat_0
771,7272,264,305,cat_2
772,4351,944,935,cat_1
773,9871,875,281,cat_1
774,2300,143,535,cat_4
775,8071,516,803,cat_2
776,4088,706,11,cat_3
777,8490,551,238,cat_1
778,9481,815,196,cat_2
779,2103,359,423,cat_3
780,3906,114,612,cat_1
781,7747,368,646,cat_3
782,9660,431,88,cat_2
783,6291,768,393,cat_2
784,4232,471,616,cat_2
785,6739,264,408,cat_3
786,5868,485,898,cat_0
787,6272,558,802,cat_1
788,6770,457,319,cat_1
789,3755,48,620,cat_3
790,3024,911,872,cat_0
791,6861,580,88,cat_0
792,2984,649,213,cat_1
793,95,870,960,cat_1
794,9014,727,721,cat_0
795,7602,486,578,cat_2
796,1620,179,857,cat_2
797,3980,568,178,cat_4
798,902,289,464,cat_1
799,9998,337,659,cat_4
800,4001,469,169,cat_0
801,8625,881,556,cat_3
802,4864,671,626,cat_0
803,6970,809,61,cat_2
804,9506,81,809,cat_2
805,7985,813,918,cat_4
806,6956,111,238,cat_1
807,1189,48,508,cat_2
808,1126,831,175,cat_1
809,4064,935,953,cat_4
810,6023,399,644,cat_1
811,8106,11,221,cat_3
812,4162,142,691,cat_1
813,6320,535,281,cat_3
814,7915,544,40,cat_2
815,2524,255,818,cat_3
816,8854,170,820,cat_1
817,8773,953,564,cat_2
818,3698,448,701,cat_3
819,8020,419,430,cat_4
820,4475,739,322,cat_3
821,6885,731,699,cat_3
822,6866,339,520,cat_2
823,3081,842,352,cat_1
824,341,994,155,cat_2
825,3246,458,128,cat_3
826,8968,584,159,cat_2
827,5756,575,810,cat_3
828,5376,379,298,cat_4
829,1429,505,209,cat_3
830,5785,811,271,cat_4
831,3684,820,901,cat_0
832,878,146,842,cat_1
833,7140,75,399,cat_1
834,7399,282,197,cat_2
835,9086,493,483,cat_2
836,2786,737,427,cat_3
837,2656,188,540,cat_2
838,4290,986,493,cat_3
839,2267,911,842,cat_1
840,9192,541,898,cat_4
841,636,995,774,cat_2
842,8195,262,515,cat_4
843,5022,908,29,cat_4
844,8305,386,955,cat_4
845,2876,738,150,cat_2
846,9000,49,692,cat_0
847,7477,621,580,cat_4
848,4486,261,960,cat_4
849,9556,54,643,cat_2
850,794,506,4,cat_4
851,4530,120,333,cat_3
852,2432,284,233,cat_4
853,1798,107,244,cat_1
854,9355,784,185,cat_3
855,138,396,649,cat_3
856,7838,480,933,cat_2
857,1071,742,800,cat_4
858,5893,768,373,cat_4
859,5953,314,518,cat_0
860,1627,669,699,cat_4
861,7177,869,512,cat_4
862,4556,219,557,cat_0
863,8725,352,549,cat_3
864,8844,277,431,cat_2
865,2596,597,742,cat_0
866,8407,313,187,cat_0
867,8772,84,599,cat_1
868,2575,286,107,cat_1
869,7128,173,770,cat_4
870,5493,61,338,cat_3
871,2039,128,45,cat_3
872,5976,90,243,cat_1
873,4583,563,464,cat_2
874,8283,899,146,cat_3
875,3900,33,531,cat_0
876,1908,201,546,cat_4
877,4971,769,59,cat_4
878,7134,99,75,cat_1
879,4731,488,249,cat_0
880,3282,137,862,cat_3
881,8755,198,672,cat_2
882,5381,215,160,cat_4
883,5068,263,825,cat_1
884,7117,438,852,cat_0
885,2361,359,360,cat_1
886,4105,162,279,cat_2
887,6519,631,494,cat_3
888,9290,956,649,cat_1
889,2393,366,920,cat_2
890,7769,836,251,cat_4
891,8368,159,6,cat_2
892,7035,750,172,cat_2
893,4797,748,999,cat_0
894,9162,335,577,cat_2
895,5759,184,29,cat_0
896,7199,21,398,cat_1
897,3273,715,653,cat_2
898,7707,205,306,cat_0
899,3983,747,260,cat_4
900,187,994,75,cat_1
901,6635,444,739,cat_2
902,3496,229,953,cat_1
903,1595,925,982,cat_0
904,109,49,848,cat_2
905,4547,976,381,cat_0
906,334,116,62,cat_3
907,471,794,411,cat_4
908,7019,13,670,cat_1
909,1560,45,414,cat_0
910,5249,664,980,cat_3
911,4394,384,515,cat_1
912,4892,385,740,cat_2
913,8645,514,118,cat_1
914,2695,746,640,cat_3
915,268,326,767,cat_3
916,4438,936,458,cat_3
917,1387,792,649,cat_3
918,8958,122,297,cat_3
919,9097,505,888,cat_1
920,9515,693,126,cat_0
921,66,111,352,cat_0
922,5131,977,526,cat_4
923,8416,461,107,cat_0
924,2094,213,411,cat_4
925,8085,678,662,cat_3
926,3658,974,239,cat_3
927,1052,293,289,cat_0
928,7643,673,392,cat_2
929,4384,364,604,cat_0
930,1234,449,556,cat_2
931,3422,101,439,cat_2
932,5132,173,838,cat_1
933,935,752,523,cat_4
934,962,853,849,cat_4
935,7406,912,187,cat_2
936,8525,142,163,cat_3
937,6443,554,689,cat_2
938,212,445,441,cat_4
939,2380,996,555,cat_0
940,65,953,430,cat_0
941,1584,958,412,cat_2
942,6429,974,461,cat_0
943,619,932,843,cat_3
944,9427,623,690,cat_2
945,7324,167,797,cat_0
946,9253,94,787,cat_2
947,4077,551,948,cat_2
948,6403,350,369,cat_3
949,1318,276,966,cat_0
950,8985,215,675,cat_0
951,1283,375,353,cat_1
952,9220,906,364,cat_4
953,1794,273,12,cat_3
954,6706,688,134,cat_0
955,314,738,824,cat_3
956,4434,738,294,cat_1
957,3495,978,567,cat_3
958,8253,403,834,cat_2
959,7524,754,930,cat_1
960,3843,696,708,cat_4
961,1304,341,897,cat_3
962,8602,998,286,cat_4
963,8959,3,761,cat_0
964,8209,152,277,cat_1
965,3911,492,508,cat_4
966,9861,888,599,cat_0
967,8150,66,48,cat_0
968,1887,720,317,cat_4
969,8300,76,479,cat_3
970,4242,132,320,cat_3
971,1828,89,792,cat_0
972,3722,72,604,cat_1
973,7163,67,849,cat_0
974,2419,680,207,cat_0
975,2871,564,977,cat_3
976,7929,943,41,cat_4
977,5307,36,92,cat_3
978,2025,117,150,cat_1
979,6662,682,784,cat_0
980,3761,857,865,cat_0
981,6991,175,628,cat_2
982,271,451,713,cat_3
983,1124,144,367,cat_4
984,1970,158,630,cat_0
985,3519,108,525,cat_4
986,3098,969,502,cat_3
987,7512,800,260,cat_2
988,957,288,296,cat_1
989,351,95,249,cat_0
990,4288,635,592,cat_2
991,8647,794,365,cat_4
992,6705,897,727,cat_0
993,5673,837,927,cat_2
994,5080,564,824,cat_3
995,3926,183,133,cat_4
996,1796,739,352,cat_0
997,4079,120,871,cat_0
998,8641,700,2,cat_0
999,6182,545,574,cat_3
1000,916,641,300,cat_3
1001,8770,352,207,cat_1
1002,8901,794,56,cat_4
1003,3559,961,373,cat_2
1004,4440,265,586,cat_0
1005,7007,849,954,cat_2
1006,5875,166,934,cat_2
1007,3937,133,763,cat_1
1008,2624,467,192,cat_3
1009,4288,346,927,cat_3
1010,6216,492,4,cat_0
1011,2547,836,439,cat_4
1012,4215,801,258,cat_2
1013,1919,878,298,cat_1
1014,7526,853,820,cat_3
1015,7941,959,150,cat_3
1016,4396,614,616,cat_0
1017,1754,343,119,cat_0
1018,444,403,530,cat_3
1019,6027,477,880,cat_1
1020,3546,161,202,cat_1
1021,8318,366,239,cat_1
1022,759,434,859,cat_3
1023,2398,842,114,cat_0
1024,4386,846,202,cat_2
1025,9824,617,904,cat_4
1026,7383,368,514,cat_2
1027,3221,678,558,cat_1
1028,8359,767,196,cat_2
1029,9752,558,697,cat_2
1030,6319,694,59,cat_0
1031,1964,823,534,cat_3
1032,9231,56,813,cat_2
1033,9978,756,309,cat_3
1034,1038,364,172,cat_4
1035,9117,135,793,cat_3
1036,1183,322,812,cat_0
1037,3796,682,641,cat_4
1038,840,780,529,cat_4
1039,3066,300,476,cat_0
1040,7512,47,884,cat_4
1041,1461,639,51,cat_0
1042,2912,936,815,cat_2
1043,9743,443,353,cat_0
1044,845,226,883,cat_3
1045,3496,383,154,cat_4
1046,3351,468,505,cat_1
1047,6036,831,776,cat_3
1048,2383,912,995,cat_2
1049,3222,18,408,cat_2
1050,8481,494,6,cat_4
1051,4684,793,209,cat_0
1052,5438,642,438,cat_0
1053,2280,835,123,cat_3
1054,1825,880,816,cat_1
1055,929,992,614,cat_3
1056,9455,954,306,cat_4
1057,5659,941,435,cat_4
1058,246,628,378,cat_2
1059,3606,41,327,cat_0
1060,5570,92,949,cat_2
1061,3140,329,407,cat_1
1062,8077,41,309,cat_1
1063,3475,109,412,cat_0
1064,6680,23,416,cat_3
1065,686,260,114,cat_0
1066,4828,470,745,cat_4
1067,7554,834,723,cat_1
1068,1767,476,412,cat_3
1069,281,540,733,cat_3
1070,9396,390,514,cat_1
1071,3553,363,514,cat_0
1072,3132,37,278,cat_1
1073,5945,422,677,cat_2
1074,4905,529,460,cat_2
1075,2237,634,830,cat_0
1076,5292,818,873,cat_3
1077,2306,264,488,cat_0
1078,1035,121,616,cat_2
1079,1731,324,179,cat_0
1080,4606,782,1000,cat_2
1081,1051,634,409,cat_2
1082,4364,89,824,cat_2
1083,5567,3,452,cat_0
1084,1741,645,442,cat_1
1085,2319,44,520,cat_4
1086,7818,224,713,cat_1
1087,2086,795,499,cat_4
1088,973,265,668,cat_2
1089,162,77,223,cat_4
1090,1857,958,723,cat_2
1091,773,247,628,cat_3
1092,3386,244,588,cat_1
1093,5920,716,86,cat_2
1094,1978,936,447,cat_4
1095,3433,994,242,cat_2
1096,7844,140,622,cat_1
1097,6602,483,259,cat_4
1098,3262,747,456,cat_2
1099,9923,323,684,cat_2
1100,83,451,57,cat_0
1101,9602,306,638,cat_2
1102,1803,127,387,cat_0
1103,9092,658,709,cat_1
1104,1570,870,52,cat_4
1105,1593,930,714,cat_3
1106,4691,624,502,cat_4
1107,1413,967,444,cat_3
1108,9446,634,595,cat_0
1109,9681,300,944,cat_4
1110,8072,149,654,cat_4
1111,3837,850,559,cat_4
1112,9942,136,911,cat_1
1113,8368,379,573,cat_3
1114,7545,39,179,cat_0
1115,9477,28,613,cat_0
1116,5159,557,123,cat_1
1117,1444,709,815,cat_0
1118,9412,91,795,cat_0
1119,6223,497,927,cat_2
1120,2711,145,329,cat_4
1121,8124,392,416,cat_0
1122,1434,451,195,cat_0
1123,7590,211,206,cat_2
1124,3881,582,431,cat_4
1125,2453,932,759,cat_2
1126,3455,342,967,cat_3
1127,5903,61,931,cat_1
1128,9441,640,247,cat_2
1129,9341,964,834,cat_3
1130,3782,106,756,cat_3
1131,4799,654,740,cat_0
1132,7312,443,150,cat_4
1133,1731,187,533,cat_2
1134,6123,75,648,cat_2
1135,1696,257,541,cat_4
1136,5579,449,247,cat_0
1137,3234,471,421,cat_1
1138,4916,448,226,cat_0
1139,8684,420,480,cat_0
1140,2353,181,293,cat_1
1141,4640,336,935,cat_0
1142,8756,622,261,cat_3
1143,5168,258,462,cat_3
1144,7475,121,456,cat_3
1145,8961,144,26,cat_1
1146,6232,624,453,cat_4
1147,8246,467,25,cat_3
1148,137,39,35,cat_1
1149,5711,427,580,cat_0
1150,7373,464,847,cat_0
1151,8125,419,748,cat_4
1152,2002,180,15,cat_2
1153,619,323,786,cat_0
1154,1462,403,442,cat_0
1155,7461,951,96,cat_1
1156,6497,175,314,cat_2
1157,9222,597,67,cat_1
1158,4424,856,432,cat_2
1159,1062,475,943,cat_4
1160,4990,397,234,cat_4
1161,9229,300,601,cat_0
1162,2598,886,534,cat_4
1163,6028,545,486,cat_1
1164,1614,54,299,cat_0
1165,3540,816,618,cat_1
1166,6503,190,263,cat_0
1167,2574,427,480,cat_2
1168,6618,487,258,cat_0
1169,4062,288,566,cat_0
1170,4319,648,739,cat_3
1171,6456,470,723,cat_2
1172,1424,530,236,cat_4
1173,6087,114,836,cat_4
1174,317,67,875,cat_4
1175,7940,956,537,cat_0
1176,6956,48,474,cat_0
1177,4419,258,505,cat_2
1178,3773,664,82,cat_4
1179,6450,660,796,cat_0
1180,5280,251,907,cat_4
1181,6373,4,582,cat_3
1182,9628,767,141,cat_4
1183,461,767,843,cat_3
1184,8216,509,769,cat_0
1185,1544,721,969,cat_3
1186,4467,912,28,cat_1
1187,3100,41,331,cat_3
1188,7927,8,819,cat_1
1189,1089,623,668,cat_3
1190,4213,714,527,cat_3
1191,9939,689,733,cat_2
1192,3399,866,468,cat_4
1193,9359,655,61,cat_4
1194,2033,598,755,cat_4
1195,2683,668,723,cat_1
1196,7043,559,980,cat_0
1197,3932,722,139,cat_0
1198,8362,339,375,cat_2
1199,81,415,141,cat_2
1200,274,206,893,cat_0
1201,8512,13,175,cat_3
1202,858,1,422,cat_2
1203,7938,732,544,cat_3
1204,8449,967,561,cat_4
1205,9594,786,61,cat_3
1206,5296,848,940,cat_4
1207,9571,793,50,cat_2
1208,4703,705,23,cat_4
1209,797,539,172,cat_0
1210,1875,283,848,cat_2
1211,9301,37,254,cat_1
1212,2832,345,630,cat_3
1213,5447,753,664,cat_4
1214,2451,678,393,cat_4
1215,3777,233,604,cat_1
1216,3560,85,979,cat_0
1217,2570,888,851,cat_2
1218,4570,929,575,cat_0
1219,856,275,349,cat_1
1220,9113,768,78,cat_0
1221,1003,173,412,cat_0
1222,5345,15,342,cat_4
1223,9985,878,869,cat_2
1224,1627,316,187,cat_3
1225,4939,629,153,cat_1
1226,2698,667,605,cat_3
1227,7577,733,997,cat_4
1228,9368,184,224,cat_0
1229,7399,36,65,cat_1
1230,6036,83,770,cat_2
1231,342,824,669,cat_0
1232,8400,867,289,cat_0
1233,3758,326,221,cat_2
1234,7616,228,398,cat_3
1235,8473,5,786,cat_2
1236,1158,142,517,cat_0
1237,6430,807,35,cat_1
1238,9663,40,487,cat_3
1239,2395,598,703,cat_0
1240,2775,749,789,cat_3
1241,2412,218,947,cat_2
1242,3538,265,231,cat_0
1243,6497,482,995,cat_2
1244,1787,8,731,cat_1
1245,5358,464,940,cat_0
1246,3599,115,679,cat_0
1247,1276,544,806,cat_4
1248,1528,726,479,cat_4
1249,6416,798,950,cat_1
1250,6682,802,428,cat_2
1251,9115,204,571,cat_2
1252,4206,562,323,cat_3
1253,7410,643,529,cat_2
1254,585,932,233,cat_3
1255,1987,386,485,cat_4
1256,569,273,700,cat_0
1257,7728,443,501,cat_2
1258,1271,154,817,cat_1
1259,7910,650,615,cat_4
1260,3916,149,951,cat_1
1261,3403,905,836,cat_2
1262,882,536,577,cat_3
1263,4037,60,952,cat_0
1264,3278,745,643,cat_4
1265,6481,792,320,cat_2
1266,5398,173,53,cat_2
1267,8067,847,50,cat_4
1268,6268,759,413,cat_2
1269,2769,341,439,cat_1
1270,2250,840,243,cat_4
1271,3819,609,94,cat_0
1272,8246,75,755,cat_2
1273,1639,561,30,cat_2
1274,9911,511,616,cat_3
1275,4683,987,485,cat_3
1276,9479,347,797,cat_2
1277,7018,874,553,cat_4
1278,7128,644,851,cat_2
1279,9585,27,662,cat_1
1280,7417,7,581,cat_4
1281,6311,923,59,cat_4
1282,5,31,607,cat_3
1283,2853,774,770,cat_4
1284,6599,245,818,cat_4
1285,9178,409,397,cat_1
1286,3964,253,813,cat_0
1287,9448,207,620,cat_0
1288,4544,777,61,cat_0
1289,5537,641,470,cat_2
1290,8879,953,731,cat_2
1291,8004,541,110,cat_1
1292,8476,431,818,cat_1
1293,1382,546,310,cat_0
1294,3392,654,449,cat_0
1295,9488,126,814,cat_0
1296,8763,30,574,cat_3
1297,1640,477,735,cat_1
1298,5489,377,521,cat_0
1299,9908,530,725,cat_4
1300,4010,324,825,cat_3
1301,4886,796,956,cat_1
1302,8554,645,486,cat_3
1303,7192,266,87,cat_3
1304,1991,809,205,cat_0
1305,2935,313,94,cat_2
1306,8290,518,208,cat_0
1307,252,423,308,cat_1
1308,3874,643,747,cat_3
1309,8220,37,444,cat_0
1310,2049,682,85,cat_0
1311,5080,585,875,cat_2
1312,1645,151,760,cat_0
1313,1241,619,921,cat_2
1314,3900,982,829,cat_0
1315,6282,242,764,cat_4
1316,9184,212,510,cat_3
1317,1514,502,388,cat_3
1318,9600,984,400,cat_1
1319,302,4,783,cat_0
1320,4284,612,110,cat_2
1321,4941,198,108,cat_1
1322,8204,383,259,cat_1
1323,9624,840,501,cat_4
1324,201,20,380,cat_0
1325,5732,784,116,cat_1
1326,7100,32,873,cat_3
1327,1442,773,97,cat_2
1328,7488,714,574,cat_2
1329,6283,724,900,cat_0
1330,3611,809,929,cat_3
1331,9233,317,457,cat_1
1332,7502,867,115,cat_4
1333,8074,882,375,cat_2
1334,7142,96,359,cat_2
1335,282,263,260,cat_2
1336,1753,967,891,cat_1
1337,5828,986,760,cat_0
1338,7242,804,146,cat_2
1339,7024,427,760,cat_1
1340,3745,965,680,cat_3
1341,2912,410,164,cat_0
1342,4001,106,518,cat_1
1343,3239,423,555,cat_0
1344,3617,741,610,cat_1
1345,9926,239,917,cat_1
1346,3804,370,536,cat_2
1347,1176,798,996,cat_4
1348,8399,903,804,cat_2
1349,1470,91,948,cat_1
1350,6711,411,295,cat_2
1351,5128,839,611,cat_2
1352,8890,343,408,cat_3
1353,2145,997,524,cat_1
1354,767,600,838,cat_0
1355,3203,496,862,cat_0
1356,4961,71,870,cat_4
1357,4442,160,217,cat_4
1358,3955,875,917,cat_0
1359,5957,787,441,cat_1
1360,314,622,103,cat_4
1361,5396,431,242,cat_3
1362,3812,151,471,cat_4
1363,2244,44,836,cat_2
1364,8103,961,532,cat_2
1365,9987,206,69,cat_1
1366,6636,573,470,cat_2
1367,6027,810,419,cat_2
1368,5882,236,306,cat_3
1369,5543,591,931,cat_0
1370,9034,509,817,cat_2
1371,7095,512,644,cat_0
1372,1554,21,853,cat_2
1373,8509,618,637,cat_1
1374,2727,665,250,cat_1
1375,2173,143,414,cat_3
1376,6233,144,823,cat_0
1377,3824,63,461,cat_3
1378,3499,240,47,cat_2
1379,8398,635,106,cat_2
1380,345,18,415,cat_4
1381,8471,108,396,cat_1
1382,8882,46,240,cat_2
1383,3328,651,155,cat_3
1384,9657,905,4,cat_2
1385,2574,721,867,cat_2
1386,5953,528,173,cat_4
1387,2400,562,158,cat_0
1388,6181,195,152,cat_4
1389,6524,42,999,cat_4
1390,5526,457,222,cat_1
1391,5428,947,150,cat_3
1392,6725,305,710,cat_1
1393,2420,480,697,cat_0
1394,1253,39,740,cat_1
1395,2543,69,629,cat_4
1396,5625,916,926,cat_4
1397,5624,204,852,cat_2
1398,9890,695,422,cat_3
1399,5093,327,429,cat_2
1400,7754,861,901,cat_4
1401,3718,28,596,cat_1
1402,701,339,903,cat_3
1403,6867,542,935,cat_0
1404,1560,245,382,cat_0
1405,4688,746,636,cat_1
1406,4945,936,2,cat_4
1407,8452,834,824,cat_2
1408,9360,498,595,cat_0
1409,5361,490,831,cat_4
1410,2403,174,540,cat_1
1411,8465,968,3,cat_4
1412,5505,882,194,cat_4
1413,9693,96,397,cat_4
1414,3725,823,700,cat_2
1415,1742,11,849,cat_4
1416,2391,885,526,cat_3
1417,7972,287,341,cat_4
1418,2399,475,965,cat_4
1419,4605,430,870,cat_2
1420,2590,58,903,cat_0
1421,8170,45,30,cat_4
1422,340,899,400,cat_0
1423,5756,507,436,cat_4
1424,5733,180,534,cat_1
1425,3779,43,824,cat_1
1426,648,341,182,cat_2
1427,9623,586,609,cat_2
1428,2573,167,497,cat_1
1429,1914,227,532,cat_1
1430,5643,735,347,cat_0
1431,567,467,845,cat_1
1432,3813,322,418,cat_4
1433,6961,976,503,cat_4
1434,1604,865,20,cat_1
1435,2444,645,228,cat_0
1436,436,442,760,cat_1
1437,3579,757,856,cat_0
1438,4948,13,232,cat_0
1439,1260,479,548,cat_4
1440,5336,233,791,cat_4
1441,3682,350,394,cat_2
1442,7960,152,842,cat_4
1443,3001,343,133,cat_4
1444,2538,145,269,cat_3
1445,1285,263,18,cat_3
1446,6009,691,258,cat_4
1447,5320,815,704,cat_3
1448,6363,129,593,cat_4
1449,3393,118,99,cat_2
1450,2705,511,821,cat_2
1451,7186,311,391,cat_4
1452,2686,929,183,cat_4
1453,5106,793,939,cat_3
1454,6807,391,252,cat_1
1455,2819,732,196,cat_4
1456,7623,936,154,cat_4
1457,1514,839,932,cat_4
1458,5555,639,790,cat_3
1459,9735,301,288,cat_4
1460,5104,978,150,cat_3
1461,6628,690,854,cat_0
1462,3394,190,134,cat_0
1463,7485,593,862,cat_4
1464,4861,4,944,cat_3
1465,6471,331,86,cat_0
1466,7936,200,977,cat_0
1467,2123,75,427,cat_1
1468,1754,181,503,cat_1
1469,4485,290,251,cat_0
1470,9070,451,417,cat_4
1471,5869,176,809,cat_4
1472,9673,946,509,cat_0
1473,867,497,728,cat_0
1474,8424,318,285,cat_4
1475,8484,537,250,cat_1
1476,9609,300,718,cat_4
1477,1628,999,117,cat_1
1478,6993,960,356,cat_0
1479,7963,887,817,cat_2
1480,8306,459,885,cat_2
1481,8083,170,928,cat_0
1482,6779,547,915,cat_0
1483,4620,914,312,cat_0
1484,6932,724,982,cat_0
1485,3806,187,134,cat_4
1486,257,907,353,cat_2
1487,7233,985,42,cat_0
1488,965,746,635,cat_1
1489,6845,338,798,cat_0
1490,2552,772,992,cat_3
1491,2485,554,548,cat_1
1492,6512,413,982,cat_3
1493,9422,934,569,cat_2
1494,4012,565,264,cat_2
1495,5433,816,649,cat_1
1496,1037,181,373,cat_3
1497,2016,852,290,cat_2
1498,3213,898,240,cat_3
1499,3934,175,941,cat_0
1500,4892,258,453,cat_1
1501,7630,120,358,cat_4
1502,7990,257,301,cat_1
1503,3333,295,857,cat_2
1504,7762,499,825,cat_4
1505,8344,973,897,cat_0
1506,9973,100,970,cat_2
1507,5916,723,649,cat_3
1508,360,27,565,cat_4
1509,1968,218,95,cat_3
1510,9906,695,602,cat_4
1511,5111,320,513,cat_0
1512,5518,640,455,cat_1
1513,1683,797,372,cat_4
1514,9674,836,811,cat_0
1515,185,606,479,cat_3
1516,9195,786,693,cat_4
1517,1625,412,28,cat_3
1518,9242,178,771,cat_3
1519,8402,89,551,cat_1
1520,5869,46,871,cat_1
1521,7814,416,896,cat_1
1522,1809,638,989,cat_3
1523,9337,307,54,cat_1
1524,2657,762,401,cat_4
1525,3694,445,302,cat_1
1526,7089,464,774,cat_3
1527,65,240,453,cat_1
1528,5581,568,187,cat_0
1529,8854,873,732,cat_1
1530,4601,999,850,cat_4
1531,2825,837,148,cat_2
1532,3936,556,829,cat_4
1533,8800,328,11,cat_1
1534,2003,496,577,cat_4
1535,1632,295,87,cat_0
1536,3041,212,61,cat_2
1537,6507,24,947,cat_2
1538,2651,296,918,cat_3
1539,5664,770,980,cat_1
1540,8112,904,861,cat_1
1541,3167,371,45,cat_1
1542,3564,930,326,cat_0
1543,4062,289,986,cat_3
1544,9764,441,416,cat_4
1545,8238,743,291,cat_3
1546,1710,319,911,cat_0
1547,2444,460,909,cat_4
1548,6788,135,535,cat_0
1549,9010,831,836,cat_4
1550,2425,793,824,cat_0
1551,1719,243,459,cat_2
1552,8724,853,449,cat_0
1553,10,819,104,cat_0
1554,9048,427,602,cat_3
1555,1007,687,79,cat_2
1556,1443,671,129,cat_1
1557,209,920,583,cat_1
1558,6582,336,486,cat_2
1559,8421,636,36,cat_2
1560,9676,499,962,cat_3
1561,8551,573,996,cat_3
1562,218,955,49,cat_4
1563,4316,715,559,cat_3
1564,6585,606,9,cat_4
1565,315,16,102,cat_2
1566,2912,982,582,cat_4
1567,9310,76,767,cat_1
1568,1484,843,273,cat_1
1569,2936,444,52,cat_1
1570,7900,545,386,cat_0
1571,2148,24,682,cat_3
1572,340,589,53,cat_4
1573,8497,782,591,cat_2
1574,9283,925,749,cat_0
1575,776,1000,701,cat_3
1576,2406,180,704,cat_0
1577,9356,16,337,cat_1
1578,2632,358,227,cat_0
1579,8769,345,137,cat_2
1580,1271,878,656,cat_3
1581,5168,254,838,cat_4
1582,2815,815,310,cat_2
1583,3243,985,281,cat_0
1584,7374,864,322,cat_3
1585,3524,230,265,cat_0
1586,4807,351,789,cat_1
1587,9063,139,978,cat_2
1588,3519,506,568,cat_3
1589,5330,158,883,cat_2
1590,6444,847,154,cat_3
1591,1829,472,465,cat_0
1592,4614,600,207,cat_0
1593,1029,474,352,cat_3
1594,6703,976,942,cat_1
1595,746,58,951,cat_4
1596,1197,383,703,cat_2
1597,6789,861,617,cat_2
1598,7286,249,16,cat_2
1599,9556,521,425,cat_3
1600,1182,706,712,cat_2
1601,3189,497,651,cat_1
1602,9830,310,894,cat_4
1603,9588,74,213,cat_4
1604,2218,948,931,cat_1
1605,8916,419,87,cat_1
1606,2597,739,896,cat_2
1607,9878,24,885,cat_2
1608,7417,903,695,cat_4
1609,9004,982,577,cat_3
1610,1784,475,420,cat_4
1611,7766,616,227,cat_4
1612,7783,950,399,cat_2
1613,5368,299,819,cat_0
1614,2031,460,681,cat_3
1615,6004,465,253,cat_3
1616,7626,144,71,cat_1
1617,4529,489,124,cat_0
1618,4430,841,366,cat_2
1619,3051,218,275,cat_4
1620,7865,63,305,cat_0
1621,6903,42,494,cat_1
1622,6493,455,876,cat_4
1623,2467,982,48,cat_1
1624,4261,166,571,cat_3
1625,2032,992,377,cat_1
1626,470,169,294,cat_2
1627,9590,853,939,cat_1
1628,9883,651,273,cat_3
1629,8390,553,774,cat_1
1630,7121,557,917,cat_4
1631,2385,187,537,cat_4
1632,9349,243,588,cat_1
1633,5668,229,648,cat_3
1634,5525,974,272,cat_3
1635,8928,233,490,cat_3
1636,214,18,490,cat_2
1637,2890,498,574,cat_3
1638,9603,261,62,cat_0
1639,4891,910,644,cat_0
1640,9638,565,450,cat_3
1641,5471,760,657,cat_1
1642,8053,511,296,cat_0
1643,1809,591,232,cat_4
1644,1725,34,104,cat_4
1645,4892,963,674,cat_2
1646,2752,151,77,cat_3
1647,9256,715,218,cat_4
1648,3085,964,155,cat_3
1649,3675,333,571,cat_4
1650,5792,957,552,cat_0
1651,2619,300,370,cat_1
1652,9845,378,513,cat_3
1653,8403,804,73,cat_2
1654,8285,299,48,cat_1
1655,8416,898,147,cat_4
1656,4948,559,815,cat_0
1657,7347,910,608,cat_4
1658,499,928,605,cat_3
1659,7914,919,512,cat_2
1660,4618,795,436,cat_3
1661,7688,400,332,cat_2
1662,4391,973,752,cat_4
1663,6407,556,398,cat_2
1664,3377,257,863,cat_3
1665,6245,771,784,cat_4
1666,7880,515,884,cat_4
1667,7260,800,201,cat_2
1668,1845,344,654,cat_2
1669,5323,69,416,cat_2
1670,4374,771,961,cat_0
1671,7945,986,302,cat_3
1672,4921,985,315,cat_4
1673,5254,190,429,cat_1
1674,8838,176,992,cat_2
1675,4374,670,878,cat_0
1676,2819,768,518,cat_1
1677,5674,927,820,cat_3
1678,4374,154,404,cat_0
1679,8098,143,709,cat_2
1680,503,751,972,cat_2
1681,8224,939,604,cat_4
1682,3113,501,723,cat_4
1683,8590,86,691,cat_2
1684,530,783,513,cat_2
1685,3148,949,627,cat_3
1686,5260,630,530,cat_0
1687,491,890,888,cat_4
1688,8615,386,360,cat_2
1689,1298,957,988,cat_4
1690,8679,758,785,cat_3
1691,148,618,106,cat_3
1692,7864,753,24,cat_2
1693,1349,609,371,cat_0
1694,4742,327,864,cat_3
1695,9290,431,435,cat_3
1696,8904,455,615,cat_1
1697,942,701,149,cat_1
1698,8035,890,629,cat_2
1699,5673,897,751,cat_0
1700,7361,506,539,cat_1
1701,8672,271,544,cat_3
1702,4464,311,985,cat_3
1703,8818,364,240,cat_3
1704,4140,458,631,cat_0
1705,6506,807,127,cat_4
1706,9663,605,872,cat_1
1707,9191,50,839,cat_3
1708,3790,43,764,cat_0
1709,3611,418,150,cat_3
1710,1727,869,14,cat_3
1711,2765,551,124,cat_0
1712,612,728,263,cat_3
1713,6557,199,823,cat_1
1714,2647,943,720,cat_1
1715,6933,709,523,cat_4
1716,8328,657,644,cat_1
1717,6047,494,842,cat_1
1718,442,101,722,cat_2
1719,809,618,240,cat_1
1720,8332,584,468,cat_2
1721,163,596,844,cat_2
1722,9113,47,2,cat_4
1723,5835,385,175,cat_0
1724,2316,58,826,cat_3
1725,2075,898,137,cat_3
1726,3706,178,639,cat_4
1727,8685,361,620,cat_3
1728,1078,886,698,cat_3
1729,7457,768,813,cat_4
1730,5860,816,812,cat_2
1731,3486,915,380,cat_0
1732,9600,213,734,cat_4
1733,7771,525,209,cat_2
1734,1610,610,943,cat_1
1735,872,87,258,cat_4
1736,1655,767,123,cat_0
1737,3692,363,751,cat_1
1738,1202,403,110,cat_1
1739,6978,355,663,cat_4
1740,2396,1000,642,cat_3
1741,7144,720,606,cat_3
1742,7800,545,179,cat_4
1743,9579,430,922,cat_0
1744,7148,622,447,cat_4
1745,2373,6,423,cat_1
1746,3766,286,869,cat_2
1747,1521,785,766,cat_2
1748,9002,714,586,cat_0
1749,9133,916,652,cat_2
1750,230,495,598,cat_2
1751,7804,224,685,cat_0
1752,1766,293,822,cat_2
1753,6812,549,110,cat_1
1754,4978,810,870,cat_4
1755,33,251,16,cat_3
1756,4406,305,971,cat_0
1757,1714,7,865,cat_2
1758,9302,507,514,cat_2
1759,9462,416,334,cat_2
1760,1732,29,721,cat_4
1761,4675,862,504,cat_0
1762,3656,851,342,cat_4
1763,6103,28,737,cat_0
1764,3291,148,455,cat_3
1765,5741,338,43,cat_3
1766,781,315,581,cat_0
1767,1280,146,352,cat_0
1768,7281,924,889,cat_0
1769,7528,438,255,cat_0
1770,4837,212,551,cat_2
1771,3343,186,1,cat_2
1772,6606,42,44,cat_3
1773,7258,875,477,cat_1
1774,5954,507,987,cat_1
1775,1791,187,476,cat_1
1776,9573,740,381,cat_3
1777,2743,831,274,cat_4
1778,3160,451,965,cat_3
1779,1954,537,478,cat_0
1780,7693,599,150,cat_3
1781,7161,869,750,cat_3
1782,8104,642,322,cat_1
1783,4851,614,60,cat_2
1784,906,112,231,cat_4
1785,1593,513,888,cat_2
1786,9844,789,36,cat_1
1787,8203,922,987,cat_4
1788,6139,94,342,cat_0
1789,919,158,544,cat_4
1790,3365,968,123,cat_4
1791,6356,256,503,cat_4
1792,8581,723,485,cat_3
1793,6370,773,456,cat_1
1794,806,164,221,cat_1
1795,8176,18,784,cat_1
1796,9936,10,575,cat_1
1797,7828,424,579,cat_2
1798,8207,21,313,cat_1
1799,987,494,135,cat_4
1800,4162,629,318,cat_4
1801,2357,397,839,cat_4
1802,6925,412,869,cat_0
1803,5105,494,688,cat_2
1804,6384,455,304,cat_1
1805,2166,450,58,cat_0
1806,2148,70,780,cat_0
1807,5029,748,78,cat_1
1808,7997,551,436,cat_3
1809,484,55,33,cat_2
1810,8393,874,257,cat_4
1811,5961,807,327,cat_1
1812,4493,743,873,cat_3
1813,150,796,98,cat_0
1814,6887,927,698,cat_1
1815,3699,361,483,cat_0
1816,1857,585,597,cat_4
1817,8753,632,403,cat_2
1818,8938,406,670,cat_3
1819,9629,43,836,cat_4
1820,8139,57,233,cat_3
1821,9890,291,848,cat_0
1822,1400,371,845,cat_3
1823,541,554,494,cat_2
1824,184,360,4,cat_3
1825,2609,117,930,cat_4
1826,560,999,421,cat_0
1827,5690,158,191,cat_1
1828,3699,926,410,cat_0
1829,337,881,454,cat_4
1830,8679,569,557,cat_4
1831,2225,724,14,cat_4
1832,5118,797,607,cat_4
1833,9184,396,736,cat_2
1834,2946,565,800,cat_0
1835,9948,865,153,cat_2
1836,604,600,123,cat_3
1837,9390,982,384,cat_4
1838,6385,696,376,cat_0
1839,8413,817,350,cat_2
1840,5399,670,831,cat_4
1841,2567,839,308,cat_1
1842,8766,813,682,cat_0
1843,2954,558,516,cat_2
1844,8564,850,363,cat_0
1845,1089,622,61,cat_3
1846,5248,188,583,cat_2
1847,3886,718,963,cat_3
1848,1216,222,684,cat_1
1849,3740,258,726,cat_0
1850,8242,571,328,cat_2
1851,7892,167,837,cat_0
1852,4062,173,428,cat_0
1853,5736,516,780,cat_4
1854,7375,535,957,cat_4
1855,7922,651,825,cat_0
1856,2361,17,42,cat_0
1857,3999,714,732,cat_1
1858,8404,875,574,cat_3
1859,4652,764,77,cat_4
1860,9762,282,116,cat_1
1861,2616,664,247,cat_2
1862,349,291,114,cat_3
1863,4746,308,295,cat_3
1864,2991,232,260,cat_3
1865,4644,929,507,cat_3
1866,3810,821,431,cat_0
1867,4056,793,385,cat_0
1868,3722,133,162,cat_1
1869,3341,523,441,cat_3
1870,3251,862,352,cat_4
1871,6475,727,147,cat_2
1872,9729,665,931,cat_0
1873,740,677,825,cat_3
1874,6348,327,692,cat_1
1875,619,544,433,cat_3
1876,2480,721,119,cat_0
1877,8237,646,747,cat_4
1878,840,964,22,cat_2
1879,2666,496,888,cat_2
1880,5258,948,923,cat_0
1881,3426,360,848,cat_3
1882,8782,936,418,cat_2
1883,5489,429,983,cat_2
1884,6699,874,330,cat_2
1885,534,658,615,cat_0
1886,7281,640,65,cat_0
1887,1825,828,172,cat_1
1888,1721,878,450,cat_3
1889,3602,369,731,cat_2
1890,1412,946,290,cat_1
1891,4098,132,229,cat_4
1892,2794,499,353,cat_3
1893,7787,536,450,cat_0
1894,3481,673,856,cat_3
1895,8778,358,89,cat_0
1896,623,817,186,cat_2
1897,3723,998,604,cat_3
1898,9649,467,253,cat_1
1899,8701,481,602,cat_2
1900,8804,830,89,cat_0
1901,7975,645,718,cat_2
1902,8110,33,308,cat_1
1903,9015,616,911,cat_3
1904,8774,559,926,cat_1
1905,8396,79,308,cat_0
1906,8472,350,933,cat_0
1907,9393,825,53,cat_0
1908,7148,170,392,cat_3
1909,8965,654,438,cat_4
1910,9321,651,182,cat_2
1911,3381,503,670,cat_3
1912,2164,90,967,cat_4
1913,9535,48,491,cat_4
1914,3257,288,811,cat_3
1915,541,133,970,cat_3
1916,272,345,406,cat_3
1917,1501,698,656,cat_2
1918,3304,555,416,cat_0
1919,1320,867,195,cat_1
1920,8547,153,928,cat_4
1921,6640,500,181,cat_0
1922,7214,30,741,cat_2
1923,7089,525,615,cat_3
1924,5666,424,234,cat_0
1925,828,383,135,cat_1
1926,5335,446,202,cat_2
1927,3416,816,183,cat_2
1928,6301,207,134,cat_2
1929,8180,886,774,cat_0
1930,1463,685,336,cat_0
1931,449,765,947,cat_2
1932,7159,846,756,cat_0
1933,7876,286,332,cat_2
1934,2621,865,412,cat_0
1935,4767,285,204,cat_1
1936,3932,850,826,cat_0
1937,605,435,615,cat_0
1938,6995,97,315,cat_1
1939,4290,449,189,cat_2
1940,7889,726,31,cat_4
1941,6304,922,348,cat_1
1942,5621,338,858,cat_3
1943,431,933,665,cat_0
1944,6894,650,603,cat_4
1945,774,387,296,cat_2
1946,7614,190,881,cat_0
1947,2898,147,538,cat_0
1948,5972,35,276,cat_0
1949,1918,589,841,cat_2
1950,3197,601,827,cat_3
1951,5802,291,294,cat_0
1952,768,845,251,cat_1
1953,5252,864,648,cat_0
1954,3282,224,707,cat_2
1955,433,72,207,cat_1
1956,1792,769,936,cat_3
1957,5480,364,257,cat_2
1958,7201,164,868,cat_0
1959,9234,677,14,cat_2
1960,5812,682,786,cat_1
1961,2760,332,459,cat_2
1962,9473,428,558,cat_2
1963,75,152,122,cat_2
1964,7323,217,579,cat_3
1965,3534,718,461,cat_0
1966,9526,126,210,cat_3
1967,6893,698,211,cat_4
1968,7941,605,696,cat_2
1969,6772,639,417,cat_0
1970,1771,776,354,cat_3
1971,9764,602,256,cat_0
1972,9122,881,389,cat_2
1973,667,324,22,cat_0
1974,6238,725,785,cat_1
1975,3007,185,13,cat_2
1976,4483,135,688,cat_0
1977,7206,647,136,cat_0
1978,4510,655,152,cat_4
1979,808,408,991,cat_4
1980,2067,490,575,cat_2
1981,3751,174,700,cat_4
1982,4938,737,627,cat_0
1983,998,228,891,cat_1
1984,5703,423,482,cat_2
1985,4791,243,420,cat_1
1986,1212,363,937,cat_3
1987,1676,868,249,cat_0
1988,562,801,510,cat_2
1989,7109,384,431,cat_2
1990,8646,474,695,cat_1
1991,5369,200,798,cat_2
1992,5507,625,810,cat_4
1993,7406,890,454,cat_0
1994,473,589,563,cat_2
1995,5906,679,133,cat_3
1996,3313,603,413,cat_0
1997,5572,748,959,cat_2
1998,9804,336,784,cat_4
1999,9979,957,115,cat_3
2000,2339,666,940,cat_4
2001,3052,141,574,cat_0
2002,1368,685,611,cat_0
2003,7591,343,142,cat_0
2004,1571,238,597,cat_1
2005,7216,818,428,cat_0
2006,5743,344,625,cat_1
2007,8187,993,295,cat_3
2008,7480,227,618,cat_2
2009,9510,735,369,cat_1
2010,6297,81,554,cat_2
2011,9666,757,458,cat_2
2012,9351,473,489,cat_3
2013,7037,112,839,cat_3
2014,461,866,299,cat_0
2015,4320,961,109,cat_3
2016,1938,972,99,cat_0
2017,1128,681,729,cat_2
2018,4098,809,415,cat_4
2019,3938,562,941,cat_1
2020,2753,447,801,cat_1
2021,3429,441,568,cat_3
2022,5171,497,646,cat_0
2023,6676,283,927,cat_3
2024,4239,76,903,cat_4
2025,4189,752,964,cat_3
2026,48,107,845,cat_0
2027,9854,465,174,cat_2
2028,7305,713,51,cat_1
2029,1333,20,147,cat_1
2030,7626,69,581,cat_0
2031,5902,35,249,cat_4
2032,4898,366,827,cat_4
2033,719,860,126,cat_2
2034,597,406,369,cat_2
2035,5906,463,540,cat_3
2036,1203,480,152,cat_2
2037,3270,260,48,cat_3
2038,4070,992,384,cat_1
2039,6985,507,934,cat_4
2040,5177,37,582,cat_2
2041,6729,114,351,cat_0
2042,5772,393,735,cat_3
2043,1706,746,44,cat_2
2044,9088,86,349,cat_0
2045,6150,367,338,cat_4
2046,4421,760,793,cat_1
2047,4345,775,939,cat_3
2048,8219,156,855,cat_3
2049,8201,137,233,cat_2
2050,4159,958,493,cat_0
2051,7489,159,268,cat_0
2052,5602,995,104,cat_2
2053,3372,93,178,cat_1
2054,9690,455,306,cat_2
2055,7829,93,930,cat_3
2056,6021,786,780,cat_1
2057,8999,152,159,cat_3
2058,397,254,772,cat_1
2059,8631,480,289,cat_0
2060,6541,711,742,cat_3
2061,5755,447,35,cat_2
2062,9906,53,83,cat_2
2063,5850,447,785,cat_3
2064,8551,160,772,cat_1
2065,4750,240,993,cat_2
2066,4454,44,922,cat_0
2067,2993,199,20,cat_4
2068,6056,692,896,cat_4
2069,9721,411,599,cat_3
2070,4821,485,681,cat_1
2071,8340,89,448,cat_4
2072,9957,341,428,cat_4
2073,9806,918,539,cat_2
2074,4675,570,642,cat_2
2075,5238,784,289,cat_1
2076,5526,21,226,cat_0
2077,7688,502,459,cat_3
2078,7171,859,298,cat_3
2079,9781,790,192,cat_0
2080,7912,618,205,cat_1
2081,7261,251,875,cat_4
2082,1444,857,156,cat_4
2083,4627,542,746,cat_3
2084,1643,603,331,cat_3
2085,9140,292,286,cat_2
2086,9510,688,609,cat_3
2087,2730,626,89,cat_3
2088,5188,368,908,cat_2
2089,401,138,717,cat_3
2090,7017,929,339,cat_2
2091,7936,819,634,cat_2
2092,751,459,294,cat_1
2093,1281,235,168,cat_3
2094,5255,178,20,cat_2
2095,8658,100,492,cat_3
2096,3896,807,665,cat_2
2097,4629,898,51,cat_3
2098,4561,848,27,cat_0
2099,3812,918,265,cat_2
2100,4126,57,596,cat_1
2101,8697,636,764,cat_1
2102,309,888,251,cat_4
2103,6356,948,335,cat_3
2104,6086,643,531,cat_2
2105,593,350,72,cat_4
2106,8862,113,149,cat_2
2107,9010,587,223,cat_4
2108,8059,783,976,cat_1
2109,1254,604,945,cat_1
2110,479,653,638,cat_4
2111,3359,39,364,cat_0
2112,1299,126,803,cat_4
2113,6392,441,98,cat_1
2114,3431,140,546,cat_0
2115,5646,620,559,cat_2
2116,1408,879,822,cat_4
2117,5538,622,97,cat_0
2118,9276,324,95,cat_1
2119,5321,981,251,cat_1
2120,4754,296,622,cat_2
2121,9331,674,89,cat_0
2122,5551,579,930,cat_2
2123,8702,46,829,cat_0
2124,4877,907,70,cat_1
2125,7274,470,189,cat_1
2126,8010,372,932,cat_3
2127,5975,621,445,cat_1
2128,927,245,472,cat_0
2129,7511,760,666,cat_2
2130,8479,740,131,cat_1
2131,4451,625,344,cat_1
2132,9041,431,505,cat_0
2133,4057,995,514,cat_4
2134,760,375,593,cat_4
2135,9341,333,449,cat_2
2136,5952,515,718,cat_3
2137,4806,795,416,cat_2
2138,7091,223,162,cat_1
2139,4091,787,225,cat_4
2140,9250,525,546,cat_0
2141,119,991,20,cat_0
2142,3302,941,677,cat_1
2143,441,170,832,cat_3
2144,3709,207,129,cat_0
2145,3891,861,871,cat_4
2146,437,913,208,cat_3
2147,3012,115,267,cat_0
2148,1416,539,181,cat_4
2149,927,867,57,cat_1
2150,4805,335,689,cat_0
2151,1275,620,863,cat_2
2152,6709,941,574,cat_3
2153,2675,705,999,cat_0
2154,4618,973,748,cat_0
2155,9539,301,284,cat_4
2156,3217,283,98,cat_3
2157,8228,699,508,cat_3
2158,6181,636,214,cat_1
2159,7796,557,908,cat_2
2160,5162,931,80,cat_2
2161,3660,288,826,cat_1
2162,181,604,100,cat_0
2163,6785,727,533,cat_3
2164,2933,170,784,cat_4
2165,4292,267,189,cat_2
2166,6845,910,641,cat_3
2167,9127,264,425,cat_4
2168,9849,158,50,cat_3
2169,8170,607,680,cat_4
2170,8832,915,959,cat_1
2171,9818,864,123,cat_1
2172,4564,165,989,cat_0
2173,4238,437,499,cat_4
2174,6373,515,897,cat_2
2175,5419,936,733,cat_1
2176,3559,678,68,cat_4
2177,9233,347,909,cat_3
2178,405,449,822,cat_2
2179,1853,169,952,cat_2
2180,6199,682,548,cat_2
2181,3236,26,323,cat_0
2182,4939,672,530,cat_3
2183,7409,227,946,cat_1
2184,28,882,79,cat_4
2185,7292,458,405,cat_3
2186,2264,414,971,cat_4
2187,6970,488,745,cat_3
2188,7141,340,76,cat_1
2189,8638,334,443,cat_0
2190,8998,875,246,cat_2
2191,4009,650,374,cat_4
2192,7791,53,828,cat_4
2193,725,119,636,cat_2
2194,1106,220,501,cat_3
2195,253,638,624,cat_1
2196,169,761,468,cat_0
2197,4769,44,968,cat_4
2198,634,747,284,cat_1
2199,1436,622,700,cat_4
2200,2833,641,192,cat_4
2201,3634,935,207,cat_3
2202,871,933,693,cat_1
2203,9901,983,85,cat_0
2204,3068,738,200,cat_1
2205,1823,585,26,cat_0
2206,9064,119,885,cat_2
2207,2436,988,985,cat_1
2208,6254,784,843,cat_2
2209,8285,84,508,cat_0
2210,7773,538,163,cat_0
2211,9599,961,912,cat_1
2212,4222,236,518,cat_1
2213,3364,478,411,cat_4
2214,5684,344,14,cat_3
2215,9949,598,252,cat_0
2216,7396,716,393,cat_0
2217,3930,674,449,cat_3
2218,9218,91,573,cat_2
2219,3988,598,797,cat_3
2220,4098,614,232,cat_1
2221,5130,723,320,cat_4
2222,10000,955,837,cat_3
2223,8303,596,219,cat_1
2224,2873,492,994,cat_2
2225,4722,585,549,cat_3
2226,3468,21,668,cat_4
2227,4488,228,967,cat_3
2228,9821,675,58,cat_2
2229,7378,967,26,cat_0
2230,6360,932,231,cat_2
2231,2359,194,654,cat_4
2232,6875,58,738,cat_1
2233,4799,980,20,cat_2
2234,5393,36,613,cat_3
2235,2627,433,785,cat_4
2236,542,349,20,cat_1
2237,6922,75,963,cat_4
2238,3345,784,749,cat_2
2239,5431,338,888,cat_4
2240,3436,647,854,cat_1
2241,9271,563,212,cat_3
2242,9705,183,381,cat_0
2243,5435,194,648,cat_1
2244,4435,566,746,cat_1
2245,7137,104,159,cat_4
2246,4598,30,154,cat_1
2247,7701,566,9,cat_2
2248,6006,932,514,cat_2
2249,9135,142,208,cat_4
2250,6127,736,672,cat_2
2251,660,466,847,cat_3
2252,8396,726,595,cat_1
2253,2856,189,925,cat_3
2254,8088,934,800,cat_2
2255,8430,20,646,cat_3
2256,6241,936,115,cat_0
2257,4025,815,885,cat_3
2258,473,461,155,cat_4
2259,1751,928,340,cat_2
2260,7390,372,744,cat_0
2261,9656,495,442,cat_3
2262,2135,503,287,cat_2
2263,2136,743,128,cat_0
2264,7861,289,278,cat_0
2265,607,133,10,cat_4
2266,8682,24,113,cat_1
2267,448,736,334,cat_3
2268,4195,966,179,cat_2
2269,5956,332,666,cat_1
2270,9420,360,245,cat_2
2271,5832,84,790,cat_1
2272,26,588,943,cat_1
2273,1282,476,13,cat_2
2274,630,952,753,cat_3
2275,447,318,660,cat_4
2276,1439,28,393,cat_3
2277,7127,575,983,cat_0
2278,5651,649,122,cat_4
2279,2609,912,93,cat_2
2280,1955,693,286,cat_3
2281,1851,83,559,cat_4
2282,6126,295,426,cat_2
2283,4493,693,951,cat_4
2284,3798,824,410,cat_3
2285,7020,321,528,cat_0
2286,6356,276,842,cat_1
2287,3327,818,618,cat_4
2288,8728,930,886,cat_2
2289,8030,495,292,cat_2
2290,1969,619,515,cat_4
2291,2943,965,238,cat_1
2292,5926,688,347,cat_4
2293,9316,808,757,cat_3
2294,177,147,727,cat_1
2295,3286,193,70,cat_1
2296,6199,369,526,cat_2
2297,9590,314,653,cat_1
2298,1146,997,7,cat_2
2299,4262,651,513,cat_3
2300,5928,590,685,cat_3
2301,4994,188,861,cat_4
2302,2271,882,394,cat_4
2303,1828,162,999,cat_1
2304,1981,625,167,cat_1
2305,5185,789,134,cat_0
2306,1946,131,720,cat_0
2307,7567,784,176,cat_2
2308,905,559,53,cat_0
2309,465,265,4,cat_1
2310,4084,228,862,cat_1
2311,5259,428,280,cat_2
2312,1141,840,686,cat_4
2313,1539,638,723,cat_4
2314,2441,727,775,cat_1
2315,6330,726,904,cat_0
2316,6896,751,667,cat_3
2317,6651,399,106,cat_0
2318,9084,679,243,cat_2
2319,4857,70,999,cat_3
2320,9977,978,378,cat_2
2321,7316,232,862,cat_2
2322,1037,937,675,cat_0
2323,8954,723,670,cat_1
2324,909,901,765,cat_0
2325,6810,790,725,cat_1
2326,4271,225,325,cat_3
2327,6118,850,315,cat_4
2328,7328,766,167,cat_4
2329,9305,429,364,cat_3
2330,2359,529,480,cat_3
2331,6274,494,806,cat_1
2332,9965,385,912,cat_2
2333,9388,359,636,cat_4
2334,5893,644,549,cat_0
2335,3116,233,200,cat_4
2336,6885,378,147,cat_4
2337,4122,221,666,cat_2
2338,3115,738,212,cat_3
2339,6147,595,876,cat_3
2340,1233,594,656,cat_1
2341,8132,723,625,cat_4
2342,3942,234,433,cat_1
2343,6203,110,229,cat_4
2344,1791,838,22,cat_2
2345,9030,578,172,cat_2
2346,5330,887,832,cat_3
2347,4663,345,738,cat_1
2348,7073,183,36,cat_4
2349,9721,274,171,cat_3
2350,6154,559,499,cat_1
2351,6145,738,316,cat_0
2352,5544,464,802,cat_1
2353,4173,653,118,cat_3
2354,9583,254,806,cat_3
2355,7274,395,876,cat_0
2356,5281,920,901,cat_0
2357,7912,26,567,cat_2
2358,7317,330,484,cat_0
2359,807,150,515,cat_2
2360,2779,265,206,cat_2
2361,6629,548,398,cat_0
2362,6367,869,332,cat_4
2363,4811,238,522,cat_3
2364,5077,129,280,cat_2
2365,339,77,409,cat_2
2366,9704,401,424,cat_2
2367,2065,113,647,cat_0
2368,2387,12,399,cat_2
2369,5922,905,727,cat_4
2370,7045,136,367,cat_1
2371,3106,392,14,cat_3
2372,5575,970,918,cat_0
2373,3636,526,959,cat_2
2374,2212,487,632,cat_3
2375,6631,964,944,cat_3
2376,6168,382,833,cat_2
2377,942,237,960,cat_3
2378,7493,299,713,cat_1
2379,7249,183,196,cat_3
2380,5632,476,206,cat_0
2381,121,232,533,cat_2
2382,7464,599,184,cat_4
2383,4677,865,114,cat_1
2384,9995,191,474,cat_3
2385,1272,15,159,cat_2
2386,9860,772,124,cat_4
2387,3940,509,786,cat_3
2388,3811,56,383,cat_0
2389,5696,716,561,cat_4
2390,3381,84,872,cat_2
2391,9331,972,973,cat_0
2392,3164,217,936,cat_4
2393,3614,511,76,cat_3
2394,561,382,964,cat_0
2395,3579,968,995,cat_1
2396,1934,66,739,cat_2
2397,621,473,336,cat_3
2398,3279,138,54,cat_0
2399,5969,693,597,cat_4
2400,8810,221,699,cat_4
2401,6620,657,99,cat_3
2402,5234,450,208,cat_4
2403,942,355,403,cat_3
2404,1306,154,797,cat_3
2405,7066,418,927,cat_1
2406,8612,462,298,cat_3
2407,8426,387,643,cat_0
2408,5029,524,584,cat_4
2409,9009,385,446,cat_4
2410,7848,446,406,cat_3
2411,4549,688,181,cat_3
2412,8538,499,576,cat_0
2413,7954,871,115,cat_3
2414,2763,13,299,cat_3
2415,5376,410,617,cat_0
2416,3890,325,833,cat_2
2417,2405,107,7,cat_3
2418,6386,33,890,cat_4
2419,1657,518,701,cat_3
2420,8759,903,443,cat_4
2421,8309,945,468,cat_3
2422,9292,236,42,cat_1
2423,2117,758,282,cat_0
2424,5514,882,692,cat_0
2425,7759,77,519,cat_3
2426,8649,224,784,cat_2
2427,8792,659,849,cat_0
2428,2778,514,625,cat_0
2429,2940,453,788,cat_3
2430,5009,669,707,cat_2
2431,5917,709,519,cat_2
2432,1215,135,767,cat_1
2433,6962,926,575,cat_1
2434,7453,866,217,cat_0
2435,9477,918,568,cat_4
2436,4766,956,42,cat_2
2437,4118,941,718,cat_3
2438,4800,78,723,cat_4
2439,809,825,779,cat_0
2440,6220,212,9,cat_1
2441,6778,423,82,cat_4
2442,2797,465,815,cat_2
2443,4572,110,46,cat_0
2444,5524,746,587,cat_3
2445,5482,482,536,cat_3
2446,6987,834,160,cat_3
2447,7179,8,253,cat_0
2448,6469,148,680,cat_2
2449,8131,233,755,cat_4
2450,285,172,64,cat_4
2451,5061,438,975,cat_4
2452,7931,337,301,cat_3
2453,5672,312,446,cat_1
2454,8022,381,601,cat_2
2455,3144,899,389,cat_1
2456,1003,98,718,cat_2
2457,6097,198,818,cat_1
2458,822,335,349,cat_0
2459,5057,974,278,cat_3
2460,8745,702,533,cat_1
2461,5162,59,807,cat_3
2462,5446,853,603,cat_4
2463,9329,591,273,cat_4
2464,458,108,893,cat_2
2465,6223,666,481,cat_3
2466,9666,735,911,cat_3
2467,7933,119,773,cat_4
2468,4315,865,93,cat_4
2469,8768,313,896,cat_3
2470,7369,282,689,cat_3
2471,1370,814,127,cat_0
2472,1667,348,47,cat_4
2473,6529,768,484,cat_2
2474,3250,158,522,cat_0
2475,2946,998,672,cat_1
2476,7307,270,546,cat_2
2477,729,338,623,cat_0
2478,4600,651,135,cat_0
2479,6597,786,539,cat_0
2480,7289,233,205,cat_1
2481,9930,11,960,cat_1
2482,9726,299,978,cat_3
2483,1212,414,228,cat_3
2484,645,653,88,cat_2
2485,3085,915,927,cat_0
2486,2127,873,814,cat_4
2487,7382,887,488,cat_0
2488,9984,164,612,cat_0
2489,307,980,351,cat_3
2490,8686,647,310,cat_4
2491,7206,376,436,cat_1
2492,4618,122,1,cat_1
2493,6082,981,327,cat_4
2494,6789,366,454,cat_2
2495,1601,183,489,cat_3
2496,1659,134,313,cat_0
2497,4048,80,634,cat_2
2498,5838,461,935,cat_0
2499,1477,907,673,cat_4
2500,2980,702,568,cat_0
2501,871,114,969,cat_0
2502,4862,686,2,cat_4
2503,2201,454,15,cat_2
2504,7540,315,944,cat_4
2505,1165,764,18,cat_2
2506,5862,873,287,cat_3
2507,6827,298,966,cat_2
2508,6278,190,502,cat_2
2509,6324,669,680,cat_4
2510,8505,576,743,cat_0
2511,235,577,225,cat_0
2512,6258,621,635,cat_4
2513,856,343,374,cat_1
2514,664,554,816,cat_4
2515,5696,633,193,cat_2
2516,335,951,330,cat_1
2517,2458,771,213,cat_1
2518,1602,622,668,cat_0
2519,9420,375,922,cat_4
2520,4700,283,766,cat_0
2521,5521,977,781,cat_2
2522,4961,43,582,cat_0
2523,1726,786,618,cat_1
2524,750,109,27,cat_1
2525,9095,481,62,cat_3
2526,4299,627,435,cat_2
2527,7284,676,708,cat_2
2528,9791,81,632,cat_4
2529,5283,776,978,cat_2
2530,1657,89,114,cat_1
2531,1367,503,394,cat_3
2532,870,288,22,cat_0
2533,8904,954,70,cat_2
2534,9420,268,771,cat_1
2535,7864,354,218,cat_0
2536,5767,920,771,cat_2
2537,7239,720,438,cat_4
2538,8326,599,356,cat_3
2539,9802,431,966,cat_3
2540,8631,981,51,cat_1
2541,7087,114,328,cat_0
2542,676,373,948,cat_2
2543,8957,511,678,cat_0
2544,4835,410,929,cat_1
2545,992,378,789,cat_0
2546,6346,773,488,cat_3
2547,2012,700,146,cat_0
2548,6823,768,164,cat_2
2549,6052,394,912,cat_3
2550,3447,553,634,cat_1
2551,5108,612,165,cat_1
2552,6398,483,46,cat_2
2553,5790,941,969,cat_1
2554,3495,484,501,cat_0
2555,2771,33,817,cat_3
2556,2169,741,148,cat_4
2557,9797,454,540,cat_2
2558,1448,738,808,cat_2
2559,140,390,951,cat_4
2560,8955,545,918,cat_2
2561,2493,264,39,cat_2
2562,3418,171,508,cat_2
2563,2541,158,353,cat_1
2564,2269,19,15,cat_0
2565,1867,807,888,cat_2
2566,8010,256,297,cat_0
2567,302,795,300,cat_4
2568,2300,109,463,cat_0
2569,4063,900,232,cat_3
2570,4834,865,499,cat_2
2571,3116,737,676,cat_4
2572,4850,729,941,cat_3
2573,1422,366,64,cat_3
2574,367,825,384,cat_2
2575,6057,121,375,cat_3
2576,553,298,637,cat_2
2577,6164,977,273,cat_2
2578,7642,755,573,cat_1
2579,7123,104,99,cat_0
2580,4186,698,801,cat_2
2581,3451,905,205,cat_1
2582,9005,180,861,cat_0
2583,5764,519,564,cat_3
2584,8539,201,76,cat_2
2585,6807,191,113,cat_0
2586,2716,483,652,cat_2
2587,6401,618,379,cat_2
2588,2407,995,899,cat_1
2589,6670,376,528,cat_3
2590,9797,422,98,cat_3
2591,6154,889,740,cat_2
2592,8910,819,576,cat_2
2593,4032,261,931,cat_0
2594,6305,117,839,cat_3
2595,8048,56,528,cat_4
2596,1152,829,635,cat_0
2597,3717,290,36,cat_1
2598,8617,616,736,cat_4
2599,2723,868,98,cat_2
2600,4737,108,623,cat_4
2601,2056,65,905,cat_0
2602,309,674,60,cat_1
2603,4332,837,456,cat_1
2604,9450,240,937,cat_1
2605,6871,691,457,cat_4
2606,5248,276,19,cat_2
2607,9568,48,717,cat_3
2608,7630,138,687,cat_4
2609,5167,831,984,cat_3
2610,9274,785,527,cat_3
2611,9163,797,537,cat_2
2612,8734,837,454,cat_0
2613,4251,844,51,cat_2
2614,8223,88,721,cat_2
2615,5658,931,652,cat_1
2616,2676,362,958,cat_0
2617,6377,285,812,cat_2
2618,9545,885,812,cat_1
2619,1841,987,495,cat_0
2620,4386,259,784,cat_1
2621,5668,299,742,cat_4
2622,8480,982,819,cat_4
2623,6877,793,69,cat_1
2624,5987,804,545,cat_4
2625,6026,956,67,cat_4
2626,3562,985,912,cat_0
2627,3260,9,473,cat_1
2628,2477,545,930,cat_4
2629,7642,210,978,cat_0
2630,7192,79,880,cat_1
2631,7815,601,12,cat_3
2632,9979,667,826,cat_3
2633,5636,542,337,cat_3
2634,8285,225,51,cat_2
2635,6792,106,948,cat_3
2636,9303,392,996,cat_2
2637,4608,399,747,cat_2
2638,6820,356,139,cat_0
2639,5509,877,384,cat_1
2640,597,731,328,cat_0
2641,7769,854,20,cat_4
2642,6182,210,780,cat_3
2643,4700,859,72,cat_0
2644,1274,365,87,cat_3
2645,6117,916,599,cat_3
2646,4331,232,630,cat_4
2647,7527,213,437,cat_4
2648,8673,366,394,cat_3
2649,7380,94,555,cat_1
2650,8268,635,844,cat_3
2651,771,654,5,cat_2
2652,1935,107,134,cat_2
2653,9273,721,102,cat_0
2654,9341,755,161,cat_2
2655,4628,526,977,cat_1
2656,154,499,624,cat_0
2657,1545,414,976,cat_4
2658,1087,143,598,cat_3
2659,9611,83,202,cat_2
2660,2652,782,258,cat_4
2661,1296,664,532,cat_1
2662,2291,798,956,cat_4
2663,3655,978,782,cat_4
2664,8882,151,293,cat_3
2665,4491,463,714,cat_2
2666,4574,337,609,cat_1
2667,6814,389,316,cat_1
2668,7485,248,661,cat_3
2669,5841,605,949,cat_0
2670,3205,670,117,cat_1
2671,4084,346,54,cat_0
2672,7532,728,561,cat_2
2673,6329,988,119,cat_0
2674,3178,87,796,cat_0
2675,3504,61,739,cat_4
2676,6093,122,706,cat_4
2677,8094,297,678,cat_0
2678,8226,62,188,cat_0
2679,9885,747,126,cat_0
2680,9578,284,831,cat_4
2681,3181,790,58,cat_4
2682,3283,722,209,cat_2
2683,3727,248,484,cat_2
2684,7705,929,93,cat_3
2685,455,79,755,cat_0
2686,1715,2,895,cat_1
2687,9562,553,526,cat_1
2688,4905,307,108,cat_3
2689,8829,126,410,cat_2
2690,4999,521,492,cat_0
2691,3033,864,406,cat_4
2692,5686,327,260,cat_1
2693,8797,813,359,cat_1
2694,4430,43,409,cat_1
2695,4478,392,565,cat_1
2696,310,80,315,cat_0
2697,5831,875,396,cat_3
2698,8829,759,468,cat_3
2699,2749,226,477,cat_2
2700,2151,318,134,cat_3
2701,5698,656,814,cat_3
2702,4429,334,278,cat_4
2703,3037,28,17,cat_4
2704,7811,273,947,cat_1
2705,4886,804,674,cat_2
2706,4805,51,883,cat_3
2707,4851,949,8,cat_1
2708,5326,925,369,cat_2
2709,9608,738,435,cat_0
2710,3902,279,477,cat_2
2711,5648,198,67,cat_2
2712,8730,958,690,cat_1
2713,3868,448,945,cat_0
2714,1678,282,487,cat_2
2715,5817,484,96,cat_1
2716,6011,296,748,cat_1
2717,722,599,412,cat_3
2718,9710,211,307,cat_0
2719,2628,158,654,cat_1
2720,8557,858,156,cat_2
2721,4520,776,220,cat_0
2722,1173,297,194,cat_0
2723,296,550,615,cat_4
2724,3629,577,587,cat_1
2725,3676,12,504,cat_1
2726,129,651,674,cat_1
2727,766,243,810,cat_3
2728,1113,784,194,cat_1
2729,5801,323,248,cat_0
2730,3268,922,121,cat_0
2731,3910,773,887,cat_0
2732,1460,188,194,cat_3
2733,174,782,788,cat_1
2734,474,669,48,cat_3
2735,7053,870,372,cat_3
2736,4649,813,42,cat_0
2737,765,643,30,cat_3
2738,2611,503,478,cat_0
2739,959,537,835,cat_1
2740,9551,140,587,cat_2
2741,6299,240,172,cat_1
2742,8240,178,855,cat_2
2743,6683,422,810,cat_4
2744,5434,431,478,cat_4
2745,9879,351,920,cat_0
2746,9866,868,842,cat_1
2747,3702,482,332,cat_0
2748,2985,411,205,cat_4
2749,5032,454,691,cat_3
2750,8740,873,502,cat_4
2751,9843,314,949,cat_3
2752,229,728,31,cat_2
2753,9149,815,877,cat_0
2754,2327,223,879,cat_4
2755,4524,439,613,cat_1
2756,1323,36,725,cat_1
2757,8616,848,300,cat_3
2758,3337,876,327,cat_4
2759,6321,793,226,cat_2
2760,3923,580,209,cat_1
2761,5952,819,869,cat_4
2762,5716,406,994,cat_1
2763,4058,782,766,cat_3
2764,7765,58,506,cat_3
2765,5651,670,32,cat_2
2766,6307,393,363,cat_2
2767,5917,680,166,cat_0
2768,2962,89,286,cat_0
2769,9298,534,202,cat_1
2770,1560,766,508,cat_2
2771,4990,677,843,cat_1
2772,3207,924,922,cat_3
2773,9497,474,900,cat_1
2774,599,788,798,cat_0
2775,6909,359,112,cat_3
2776,815,472,797,cat_0
2777,3871,696,836,cat_0
2778,6244,796,738,cat_1
2779,7944,851,884,cat_3
2780,7301,613,4,cat_4
2781,6239,404,273,cat_3
2782,4777,663,401,cat_3
2783,1558,456,905,cat_4
2784,4465,30,792,cat_1
2785,6311,261,714,cat_3
2786,4499,774,792,cat_3
2787,666,654,484,cat_3
2788,267,297,940,cat_3
2789,5411,707,674,cat_2
2790,5548,675,775,cat_1
2791,8525,777,40,cat_1
2792,404,143,83,cat_3
2793,6437,223,991,cat_4
2794,3101,364,747,cat_1
2795,4987,84,527,cat_4
2796,2639,968,466,cat_4
2797,2350,531,854,cat_1
2798,8400,352,133,cat_1
2799,5947,26,850,cat_2
2800,7174,619,883,cat_3
2801,6450,765,766,cat_4
2802,6446,929,376,cat_2
2803,6406,19,661,cat_2
2804,3446,721,667,cat_2
2805,5600,925,539,cat_1
2806,2407,369,566,cat_1
2807,6912,885,73,cat_1
2808,814,604,664,cat_0
2809,9183,867,242,cat_4
2810,8078,821,546,cat_3
2811,5600,199,601,cat_0
2812,3629,443,188,cat_1
2813,6944,215,558,cat_2
2814,141,541,748,cat_0
2815,6862,92,529,cat_3
2816,3142,300,744,cat_0
2817,2342,141,510,cat_3
2818,9589,60,509,cat_3
2819,5450,935,268,cat_3
2820,7408,193,684,cat_3
2821,4533,401,496,cat_1
2822,4699,889,365,cat_3
2823,2239,902,586,cat_3
2824,4896,126,124,cat_2
2825,1618,401,416,cat_3
2826,4532,203,617,cat_3
2827,8681,521,625,cat_2
2828,306,746,699,cat_1
2829,2978,703,940,cat_2
2830,3113,160,791,cat_4
2831,4888,345,672,cat_2
2832,7218,139,966,cat_0
2833,6032,339,443,cat_1
2834,2461,916,556,cat_1
2835,1241,842,402,cat_2
2836,464,538,524,cat_0
2837,2804,816,968,cat_4
2838,252,186,287,cat_0
2839,854,207,967,cat_1
2840,7379,534,967,cat_1
2841,1034,529,915,cat_1
2842,2535,194,563,cat_3
2843,5593,829,61,cat_4
2844,8129,463,950,cat_1
2845,3629,558,220,cat_2
2846,8410,666,293,cat_0
2847,8241,591,191,cat_0
2848,59,296,241,cat_0
2849,1840,11,746,cat_0
2850,5739,634,296,cat_4
2851,9981,525,648,cat_3
2852,1632,774,279,cat_0
2853,7866,857,857,cat_2
2854,4757,509,362,cat_3
2855,239,887,741,cat_1
2856,9983,617,306,cat_4
2857,8215,551,956,cat_1
2858,4091,767,53,cat_3
2859,5727,475,702,cat_0
2860,9460,666,263,cat_1
2861,67,941,563,cat_0
2862,2816,215,391,cat_0
2863,4327,908,851,cat_1
2864,2034,845,119,cat_1
2865,751,385,3,cat_2
2866,542,97,762,cat_1
2867,2155,294,614,cat_1
2868,6696,115,290,cat_2
2869,1347,512,424,cat_3
2870,155,225,548,cat_3
2871,4128,390,142,cat_1
2872,1122,911,113,cat_2
2873,1206,86,489,cat_2
2874,8388,267,511,cat_3
2875,3708,794,303,cat_2
2876,6390,83,121,cat_1
2877,9602,485,136,cat_0
2878,4201,892,678,cat_4
2879,9802,616,374,cat_1
2880,9631,148,544,cat_1
2881,2360,292,463,cat_1
2882,5033,435,456,cat_1
2883,1379,858,42,cat_4
2884,7016,181,468,cat_3
2885,4819,335,30,cat_4
2886,3954,405,7,cat_3
2887,5691,812,174,cat_2
2888,7399,345,884,cat_0
2889,3133,551,311,cat_4
2890,1332,307,378,cat_4
2891,35,881,927,cat_4
2892,8227,494,691,cat_4
2893,6818,197,942,cat_2
2894,7719,444,375,cat_2
2895,2396,367,420,cat_4
2896,5376,339,374,cat_4
2897,7736,561,249,cat_3
2898,7398,150,435,cat_1
2899,5838,644,624,cat_1
2900,9911,341,588,cat_4
2901,9240,680,708,cat_3
2902,4344,759,466,cat_2
2903,753,23,358,cat_4
2904,4763,911,464,cat_3
2905,9377,661,36,cat_1
2906,9435,155,871,cat_1
2907,9487,401,714,cat_1
2908,9138,77,356,cat_2
2909,2317,137,915,cat_3
2910,2294,94,80,cat_2
2911,8,146,323,cat_0
2912,8537,86,4,cat_4
2913,7693,794,271,cat_4
2914,4664,905,568,cat_4
2915,9131,464,586,cat_2
2916,6299,416,948,cat_4
2917,9310,981,789,cat_3
2918,1330,928,122,cat_0
2919,7438,624,421,cat_0
2920,1744,782,251,cat_2
2921,7909,531,124,cat_2
2922,915,405,33,cat_1
2923,9280,834,222,cat_1
2924,5586,514,713,cat_2
2925,2586,448,714,cat_3
2926,324,664,818,cat_2
2927,4320,985,769,cat_4
2928,5603,832,328,cat_4
2929,4708,422,97,cat_4
2930,1464,973,334,cat_3
2931,5540,171,822,cat_3
2932,4843,71,266,cat_4
2933,4982,558,913,cat_0
2934,7057,982,655,cat_0
2935,4681,7,847,cat_0
2936,4224,400,920,cat_3
2937,3206,572,26,cat_2
2938,9196,537,492,cat_2
2939,751,128,489,cat_1
2940,9370,861,88,cat_3
2941,5541,692,460,cat_2
2942,3448,881,116,cat_0
2943,4606,426,867,cat_3
2944,4254,550,975,cat_3
2945,6073,913,814,cat_3
2946,6158,468,831,cat_1
2947,2157,472,231,cat_0
2948,3264,677,944,cat_3
2949,3342,244,581,cat_3
2950,6795,224,343,cat_4
2951,9913,346,72,cat_4
2952,6452,245,34,cat_3
2953,183,660,804,cat_0
2954,294,665,941,cat_2
2955,6347,492,480,cat_0
2956,4937,160,812,cat_2
2957,5397,520,716,cat_2
2958,4666,380,552,cat_0
2959,7769,252,820,cat_4
2960,7020,952,472,cat_0
2961,4687,764,786,cat_0
2962,690,605,934,cat_1
2963,2594,146,50,cat_4
2964,5849,885,98,cat_2
2965,7081,322,544,cat_4
2966,5286,887,247,cat_4
2967,7029,198,236,cat_0
2968,5677,206,859,cat_3
2969,2353,186,536,cat_1
2970,770,349,884,cat_1
2971,4043,709,630,cat_4
2972,3659,443,102,cat_4
2973,2696,317,991,cat_4
2974,7875,781,583,cat_3
2975,7338,362,40,cat_0
2976,9724,958,923,cat_3
2977,5468,650,897,cat_4
2978,9834,460,838,cat_3
2979,3034,964,301,cat_1
2980,8000,54,656,cat_2
2981,4820,243,698,cat_4
2982,5183,763,407,cat_2
2983,4461,470,239,cat_2
2984,5101,13,55,cat_1
2985,3537,435,508,cat_1
2986,5963,448,399,cat_3
2987,423,82,360,cat_1
2988,4140,988,832,cat_0
2989,7767,76,881,cat_1
2990,4610,586,187,cat_3
2991,9076,432,293,cat_3
2992,1000,11,30,cat_0
2993,2358,973,655,cat_1
2994,4178,98,423,cat_0
2995,6543,254,352,cat_1
2996,7716,780,821,cat_1
2997,9210,485,582,cat_1
2998,2701,986,622,cat_1
2999,3639,281,745,cat_2
3000,3069,351,431,cat_1
3001,8368,371,822,cat_4
3002,6552,340,991,cat_4
3003,8716,499,383,cat_2
3004,7374,316,525,cat_2
3005,2419,702,709,cat_4
3006,5841,877,883,cat_2
3007,2476,916,120,cat_0
3008,1149,570,993,cat_1
3009,7985,388,331,cat_2
3010,698,186,877,cat_3
3011,7981,695,219,cat_2
3012,7785,766,85,cat_0
3013,4466,674,537,cat_0
3014,4247,770,723,cat_0
3015,7790,662,946,cat_3
3016,1348,628,95,cat_4
3017,4739,977,875,cat_1
3018,2944,911,22,cat_1
3019,2360,789,599,cat_2
3020,9396,537,828,cat_4
3021,5573,207,807,cat_0
3022,3547,373,334,cat_2
3023,622,201,580,cat_0
3024,4994,969,281,cat_1
3025,1360,966,472,cat_2
3026,3147,767,336,cat_4
3027,654,891,796,cat_0
3028,7805,877,348,cat_1
3029,6211,65,451,cat_3
3030,1115,152,9,cat_2
3031,3147,510,842,cat_2
3032,7484,355,989,cat_0
3033,7626,742,663,cat_0
3034,2771,147,48,cat_3
3035,2194,186,146,cat_2
3036,6604,329,864,cat_0
3037,1851,113,719,cat_2
3038,2875,120,130,cat_0
3039,7675,845,772,cat_1
3040,5992,326,625,cat_4
3041,8899,632,413,cat_3
3042,4053,400,936,cat_3
3043,1810,465,643,cat_3
3044,116,438,95,cat_1
3045,3407,483,375,cat_2
3046,3379,374,815,cat_0
3047,7959,666,28,cat_2
3048,6421,500,790,cat_4
3049,7213,182,758,cat_2
3050,2898,789,486,cat_1
3051,596,592,592,cat_4
3052,824,558,950,cat_4
3053,3454,167,637,cat_3
3054,2809,828,48,cat_1
3055,1776,688,100,cat_3
3056,5898,288,784,cat_3
3057,8046,741,533,cat_2
3058,360,637,690,cat_2
3059,4404,47,669,cat_0
3060,5010,282,270,cat_4
3061,9387,66,483,cat_2
3062,6399,75,643,cat_2
3063,7437,739,156,cat_3
3064,7858,838,485,cat_2
3065,7322,405,855,cat_2
3066,3978,399,538,cat_0
3067,9774,952,578,cat_3
3068,4727,118,691,cat_3
3069,7228,644,98,cat_2
3070,8404,148,908,cat_1
3071,9215,706,372,cat_4
3072,5651,90,704,cat_3
3073,8798,282,538,cat_2
3074,3511,417,592,cat_4
3075,6870,361,274,cat_0
3076,695,815,720,cat_3
3077,7528,820,991,cat_3
3078,4898,241,637,cat_2
3079,2233,874,617,cat_2
3080,8288,834,349,cat_1
3081,4059,348,616,cat_3
3082,5155,829,188,cat_2
3083,9453,386,175,cat_3
3084,1812,927,388,cat_3
3085,3784,805,188,cat_3
3086,2280,588,775,cat_0
3087,982,483,123,cat_0
3088,6392,762,410,cat_2
3089,9512,302,19,cat_0
3090,4947,908,870,cat_1
3091,4983,731,485,cat_3
3092,1692,199,615,cat_2
3093,9076,806,847,cat_2
3094,3822,516,968,cat_4
3095,540,151,199,cat_1
3096,5443,892,559,cat_4
3097,5694,333,672,cat_2
3098,2481,872,463,cat_4
3099,9684,526,427,cat_4
3100,1733,129,72,cat_1
3101,7556,679,260,cat_4
3102,5147,341,34,cat_4
3103,3608,308,285,cat_4
3104,5363,669,101,cat_3
3105,4291,525,774,cat_3
3106,1658,723,548,cat_1
3107,5424,785,763,cat_4
3108,4595,863,659,cat_4
3109,4680,921,810,cat_1
3110,6097,95,464,cat_4
3111,8334,906,821,cat_3
3112,2615,162,645,cat_2
3113,976,705,832,cat_1
3114,9066,688,583,cat_4
3115,3611,448,624,cat_1
3116,4204,329,250,cat_4
3117,2787,304,236,cat_3
3118,6064,680,913,cat_0
3119,1381,710,287,cat_3
3120,8735,51,372,cat_2
3121,3330,651,918,cat_1
3122,3419,197,473,cat_0
3123,7825,451,359,cat_3
3124,3353,26,303,cat_0
3125,1021,338,659,cat_4
3126,7260,524,881,cat_3
3127,1837,339,755,cat_4
3128,5389,816,629,cat_0
3129,52,996,597,cat_3
3130,5998,287,444,cat_4
3131,7517,306,894,cat_1
3132,837,203,288,cat_2
3133,2330,572,112,cat_4
3134,9011,112,557,cat_1
3135,1824,601,342,cat_4
3136,1655,626,105,cat_1
3137,9690,935,784,cat_0
3138,4149,299,332,cat_3
3139,7253,100,378,cat_3
3140,1390,377,525,cat_4
3141,8215,352,156,cat_4
3142,9790,377,250,cat_3
3143,5593,530,229,cat_3
3144,2496,391,591,cat_3
3145,7874,384,724,cat_0
3146,4931,156,240,cat_0
3147,111,913,840,cat_3
3148,5818,557,880,cat_0
3149,6319,694,409,cat_0
3150,6970,301,132,cat_2
3151,5582,747,996,cat_2
3152,7287,163,870,cat_0
3153,2077,411,487,cat_2
3154,7221,141,309,cat_4
3155,9245,931,77,cat_0
3156,9495,690,902,cat_4
3157,3974,227,219,cat_4
3158,8394,724,485,cat_3
3159,1973,156,913,cat_1
3160,1073,635,722,cat_0
3161,1192,882,903,cat_0
3162,8500,319,53,cat_3
3163,9609,761,984,cat_4
3164,4362,520,420,cat_0
3165,53,93,36,cat_4
3166,5688,890,962,cat_4
3167,6674,807,536,cat_4
3168,8245,740,79,cat_1
3169,6403,587,712,cat_4
3170,9852,590,803,cat_2
3171,1630,440,933,cat_2
3172,9770,688,872,cat_1
3173,8836,376,433,cat_4
3174,3460,580,238,cat_2
3175,8840,113,852,cat_4
3176,4437,216,653,cat_4
3177,6206,211,949,cat_0
3178,9635,594,952,cat_0
3179,8262,196,730,cat_3
3180,911,813,764,cat_0
3181,3722,835,666,cat_2
3182,2577,947,799,cat_0
3183,2529,730,342,cat_4
3184,3484,164,108,cat_2
3185,2076,487,579,cat_0
3186,2797,153,974,cat_3
3187,8155,626,383,cat_2
3188,4623,258,117,cat_0
3189,6092,351,388,cat_0
3190,4399,481,132,cat_1
3191,5179,625,106,cat_2
3192,5214,476,270,cat_0
3193,8343,231,675,cat_1
3194,9785,713,91,cat_2
3195,3673,988,653,cat_3
3196,1681,49,983,cat_4
3197,2569,71,929,cat_0
3198,2209,214,396,cat_2
3199,3796,835,196,cat_4
3200,4513,108,981,cat_2
3201,6477,90,359,cat_0
3202,6016,271,771,cat_3
3203,1157,3,291,cat_3
3204,3255,274,781,cat_4
3205,3764,413,823,cat_0
3206,5717,528,444,cat_3
3207,6238,972,724,cat_3
3208,1295,824,111,cat_2
3209,34,172,537,cat_1
3210,9572,65,51,cat_0
3211,5873,162,651,cat_1
3212,6668,872,471,cat_4
3213,4946,967,209,cat_1
3214,8211,752,626,cat_4
3215,3145,649,565,cat_3
3216,9366,190,309,cat_0
3217,2013,945,366,cat_4
3218,7456,455,27,cat_1
3219,8111,657,909,cat_1
3220,7223,748,544,cat_2
3221,7436,342,543,cat_0
3222,7607,343,404,cat_4
3223,6833,924,51,cat_3
3224,1897,810,606,cat_4
3225,3702,418,121,cat_2
3226,7197,659,954,cat_2
3227,522,879,562,cat_4
3228,2150,828,895,cat_3
3229,3476,944,375,cat_4
3230,1562,823,725,cat_0
3231,2862,812,791,cat_2
3232,6727,102,365,cat_0
3233,7692,713,127,cat_4
3234,3405,408,446,cat_4
3235,9804,259,386,cat_0
3236,5079,306,41,cat_2
3237,9472,55,147,cat_2
3238,507,796,188,cat_4
3239,2378,725,755,cat_0
3240,8810,735,301,cat_3
3241,8778,138,373,cat_2
3242,7019,857,485,cat_3
3243,7844,595,615,cat_0
3244,1148,146,528,cat_2
3245,6388,674,289,cat_3
3246,9064,548,129,cat_4
3247,3327,668,619,cat_4
3248,7118,452,721,cat_3
3249,8125,224,970,cat_3
3250,4457,499,946,cat_0
3251,9257,131,32,cat_3
3252,3732,158,338,cat_3
3253,8566,558,70,cat_2
3254,4773,399,922,cat_3
3255,4999,560,882,cat_1
3256,2470,539,749,cat_1
3257,1126,763,923,cat_4
3258,1392,244,694,cat_4
3259,2527,746,898,cat_3
3260,8517,498,195,cat_2
3261,4262,145,290,cat_0
3262,8191,566,430,cat_4
3263,985,803,31,cat_0
3264,3355,823,87,cat_2
3265,4703,588,136,cat_4
3266,8323,712,546,cat_2
3267,9489,128,95,cat_1
3268,6750,29,483,cat_3
3269,8996,735,722,cat_2
3270,8242,753,620,cat_3
3271,8386,403,473,cat_2
3272,5108,607,431,cat_2
3273,3459,592,331,cat_2
3274,6368,830,21,cat_4
3275,2023,702,971,cat_0
3276,5495,200,786,cat_3
3277,4768,373,346,cat_4
3278,1859,150,365,cat_3
3279,2741,737,458,cat_3
3280,7281,570,85,cat_1
3281,1114,539,827,cat_4
3282,607,330,100,cat_1
3283,1127,598,133,cat_2
3284,4882,1000,603,cat_3
3285,3735,459,690,cat_0
3286,4506,653,118,cat_3
3287,1750,652,430,cat_3
3288,3025,67,299,cat_3
3289,3959,542,592,cat_3
3290,301,662,550,cat_0
3291,7287,210,733,cat_0
3292,7838,316,407,cat_1
3293,6148,565,194,cat_1
3294,1038,997,296,cat_1
3295,5254,981,565,cat_3
3296,7727,90,669,cat_0
3297,2029,924,413,cat_1
3298,8331,299,928,cat_4
3299,1847,913,821,cat_1
3300,7845,837,621,cat_2
3301,675,385,562,cat_3
3302,5841,326,890,cat_3
3303,9410,917,699,cat_0
3304,9431,251,588,cat_0
3305,652,264,546,cat_2
3306,9227,680,503,cat_2
3307,1600,208,294,cat_4
3308,7324,353,177,cat_4
3309,1113,192,420,cat_3
3310,1122,176,690,cat_2
3311,4522,509,154,cat_2
3312,8673,822,646,cat_4
3313,9199,831,41,cat_0
3314,5103,250,436,cat_4
3315,639,645,693,cat_1
3316,3861,139,908,cat_4
3317,8361,574,240,cat_4
3318,9284,533,546,cat_3
3319,812,542,469,cat_0
3320,8080,711,770,cat_1
3321,1602,845,365,cat_4
3322,4335,754,436,cat_0
3323,6376,415,382,cat_3
3324,5734,95,291,cat_2
3325,5498,523,495,cat_0
3326,1287,805,330,cat_4
3327,2630,335,249,cat_4
3328,9309,65,970,cat_3
3329,6696,653,930,cat_1
3330,4267,263,165,cat_3
3331,8271,351,309,cat_1
3332,1470,934,758,cat_3
3333,2642,808,764,cat_4
3334,8461,851,982,cat_4
3335,5973,646,480,cat_4
3336,110,578,280,cat_1
3337,7886,983,26,cat_3
3338,2155,713,505,cat_0
3339,5293,89,336,cat_4
3340,305,392,933,cat_0
3341,7676,555,69,cat_3
3342,8742,619,616,cat_4
3343,7930,41,83,cat_4
3344,609,190,143,cat_2
3345,436,958,331,cat_0
3346,4579,62,354,cat_3
3347,7900,317,604,cat_1
3348,3583,444,251,cat_1
3349,6577,246,94,cat_1
3350,371,991,914,cat_2
3351,7862,310,820,cat_1
3352,7930,975,532,cat_1
3353,2781,531,797,cat_4
3354,8549,320,969,cat_1
3355,6293,466,406,cat_0
3356,5412,163,345,cat_4
3357,1291,897,184,cat_3
3358,2794,487,79,cat_2
3359,6305,313,626,cat_1
3360,8127,348,223,cat_4
3361,6105,641,956,cat_1
3362,9258,41,143,cat_3
3363,8633,385,992,cat_3
3364,8637,142,496,cat_4
3365,1528,864,759,cat_4
3366,1742,173,131,cat_1
3367,4990,546,913,cat_4
3368,4670,199,614,cat_2
3369,3405,950,575,cat_4
3370,1913,894,651,cat_4
3371,7054,409,349,cat_3
3372,9037,874,915,cat_2
3373,4352,667,156,cat_2
3374,2009,457,989,cat_4
3375,7849,824,69,cat_3
3376,4358,833,538,cat_0
3377,9838,505,126,cat_2
3378,1773,240,197,cat_3
3379,221,949,423,cat_4
3380,1041,911,786,cat_0
3381,3439,322,762,cat_1
3382,2946,428,1000,cat_1
3383,1073,301,872,cat_0
3384,8508,907,216,cat_4
3385,1527,950,438,cat_0
3386,7926,209,612,cat_2
3387,2106,686,847,cat_3
3388,7142,372,366,cat_0
3389,292,426,346,cat_0
3390,6883,977,808,cat_2
3391,7499,301,105,cat_0
3392,3861,485,218,cat_0
3393,6211,979,594,cat_0
3394,7311,836,721,cat_3
3395,1086,255,351,cat_2
3396,1264,529,910,cat_4
3397,1070,480,60,cat_4
3398,7605,460,221,cat_3
3399,3187,517,482,cat_0
3400,2930,277,722,cat_4
3401,443,225,861,cat_3
3402,3161,579,501,cat_4
3403,5980,961,320,cat_1
3404,1513,223,161,cat_3
3405,3471,121,906,cat_3
3406,2991,810,590,cat_3
3407,7270,519,41,cat_1
3408,1104,925,358,cat_2
3409,1526,923,781,cat_1
3410,133,845,445,cat_3
3411,664,504,199,cat_2
3412,6094,642,406,cat_0
3413,9581,733,1,cat_0
3414,6237,932,764,cat_3
3415,1051,512,157,cat_4
3416,288,443,45,cat_2
3417,37,792,300,cat_1
3418,9094,552,686,cat_0
3419,4494,47,358,cat_3
3420,3218,685,766,cat_1
3421,8460,441,495,cat_3
3422,2714,719,553,cat_0
3423,4206,326,520,cat_2
3424,3422,85,352,cat_4
3425,5853,354,381,cat_2
3426,6798,729,530,cat_0
3427,3215,364,451,cat_4
3428,3993,278,486,cat_4
3429,8856,441,526,cat_0
3430,4690,584,843,cat_4
3431,8140,244,902,cat_0
3432,8931,193,4,cat_0
3433,3512,768,512,cat_1
3434,1808,209,359,cat_0
3435,224,730,687,cat_1
3436,8578,41,679,cat_1
3437,8695,374,424,cat_3
3438,4029,233,69,cat_1
3439,6101,762,128,cat_0
3440,7623,513,220,cat_3
3441,8414,169,146,cat_1
3442,5264,561,543,cat_0
3443,9283,146,35,cat_2
3444,8150,806,287,cat_4
3445,5570,620,725,cat_1
3446,9808,138,305,cat_3
3447,9978,267,468,cat_1
3448,6100,771,83,cat_4
3449,7377,667,871,cat_1
3450,5896,878,766,cat_3
3451,591,682,486,cat_0
3452,1209,264,164,cat_3
3453,8525,160,697,cat_0
3454,4088,181,18,cat_2
3455,1574,65,501,cat_2
3456,5160,935,168,cat_1
3457,9011,444,777,cat_2
3458,6542,831,761,cat_2
3459,7357,270,513,cat_1
3460,9584,39,420,cat_0
3461,4266,668,138,cat_3
3462,962,887,983,cat_3
3463,3056,924,264,cat_3
3464,3785,11,525,cat_1
3465,1689,745,896,cat_2
3466,8626,543,973,cat_3
3467,5910,954,651,cat_2
3468,9749,741,668,cat_1
3469,9394,841,470,cat_1
3470,6354,366,833,cat_3
3471,1278,616,945,cat_3
3472,9265,425,765,cat_2
3473,9747,105,291,cat_1
3474,9596,819,274,cat_4
3475,5161,581,792,cat_4
3476,7793,793,100,cat_3
3477,6618,1000,555,cat_3
3478,5037,23,607,cat_1
3479,6958,481,951,cat_0
3480,1354,569,178,cat_0
3481,8097,26,427,cat_3
3482,3732,523,713,cat_2
3483,194,421,969,cat_3
3484,6483,630,982,cat_2
3485,8133,654,984,cat_0
3486,1952,540,76,cat_2
3487,2563,771,638,cat_1
3488,6373,617,338,cat_3
3489,3295,661,829,cat_0
3490,9306,58,136,cat_1
3491,7257,522,943,cat_2
3492,952,13,572,cat_0
3493,4457,338,864,cat_4
3494,1775,957,21,cat_1
3495,3071,644,100,cat_0
3496,5182,132,812,cat_0
3497,6292,165,4,cat_3
3498,9730,159,602,cat_0
3499,1366,876,279,cat_2
3500,9887,922,397,cat_1
3501,7131,450,175,cat_1
3502,34,820,14,cat_4
3503,1480,550,328,cat_4
3504,1735,152,93,cat_2
3505,6373,281,130,cat_2
3506,4633,812,79,cat_0
3507,6433,144,803,cat_1
3508,7182,330,999,cat_0
3509,351,462,588,cat_1
3510,5509,263,450,cat_0
3511,27,723,811,cat_0
3512,5219,235,349,cat_4
3513,4060,120,121,cat_4
3514,9573,363,251,cat_1
3515,2225,724,892,cat_2
3516,8251,356,810,cat_4
3517,3760,690,700,cat_2
3518,9030,189,291,cat_4
3519,2575,441,111,cat_4
3520,4490,515,998,cat_4
3521,1648,457,518,cat_2
3522,8095,641,537,cat_2
3523,9650,356,632,cat_4
3524,6666,524,527,cat_3
3525,6142,541,31,cat_4
3526,3321,835,374,cat_3
3527,4272,490,377,cat_1
3528,9407,62,873,cat_4
3529,9948,138,58,cat_1
3530,2641,494,836,cat_4
3531,8,302,271,cat_1
3532,1224,684,414,cat_2
3533,9829,707,586,cat_1
3534,3638,988,360,cat_0
3535,8899,421,27,cat_2
3536,4694,840,970,cat_1
3537,5419,268,547,cat_1
3538,8215,433,529,cat_2
3539,2505,758,781,cat_0
3540,7002,721,399,cat_1
3541,855,589,411,cat_2
3542,7213,785,966,cat_2
3543,2440,262,164,cat_3
3544,4017,103,255,cat_3
3545,8202,450,867,cat_2
3546,3879,350,284,cat_3
3547,1492,265,954,cat_3
3548,4236,449,295,cat_4
3549,7,26,7,cat_1
3550,9355,402,462,cat_0
3551,3591,349,376,cat_3
3552,124,255,136,cat_4
3553,8917,129,336,cat_1
3554,502,405,418,cat_0
3555,3574,30,849,cat_4
3556,1643,425,500,cat_4
3557,4053,246,347,cat_1
3558,3051,402,903,cat_2
3559,4776,819,739,cat_3
3560,9664,701,516,cat_1
3561,324,118,813,cat_3
3562,1112,46,863,cat_1
3563,81,566,752,cat_0
3564,894,288,974,cat_3
3565,7985,671,278,cat_2
3566,1287,815,857,cat_2
3567,2242,106,331,cat_4
3568,9425,104,675,cat_2
3569,1744,655,559,cat_1
3570,1168,200,228,cat_4
3571,4992,221,230,cat_0
3572,2211,282,976,cat_3
3573,7924,355,600,cat_0
3574,4934,172,646,cat_0
3575,1532,659,362,cat_3
3576,1184,492,660,cat_4
3577,5487,642,376,cat_4
3578,1505,858,815,cat_2
3579,5909,54,122,cat_2
3580,9808,428,966,cat_0
3581,4827,600,577,cat_2
3582,2734,163,878,cat_1
3583,6981,517,133,cat_0
3584,1614,1000,382,cat_4
3585,7141,254,463,cat_0
3586,8494,530,822,cat_1
3587,4068,473,947,cat_3
3588,6683,876,642,cat_2
3589,6989,305,129,cat_3
3590,9046,954,162,cat_4
3591,1017,953,82,cat_1
3592,6287,103,80,cat_1
3593,4341,159,163,cat_0
3594,2273,876,957,cat_0
3595,6295,22,829,cat_1
3596,3008,810,162,cat_0
3597,5680,223,442,cat_0
3598,4931,776,537,cat_3
3599,765,758,8,cat_1
3600,4659,970,696,cat_3
3601,6990,398,171,cat_3
3602,8152,994,103,cat_4
3603,2089,192,657,cat_3
3604,2677,219,801,cat_1
3605,4019,550,649,cat_4
3606,1273,655,748,cat_3
3607,696,597,196,cat_3
3608,9851,976,847,cat_3
3609,2779,89,385,cat_0
3610,7184,633,632,cat_1
3611,115,995,878,cat_3
3612,4117,469,925,cat_3
3613,4221,976,554,cat_0
3614,8896,914,789,cat_4
3615,8028,299,900,cat_2
3616,2193,842,663,cat_2
3617,2072,940,887,cat_1
3618,6009,965,458,cat_1
3619,9294,522,933,cat_4
3620,2410,32,221,cat_1
3621,1525,644,366,cat_0
3622,5455,748,823,cat_2
3623,5052,607,991,cat_3
3624,6462,427,173,cat_3
3625,3644,570,882,cat_3
3626,6028,444,571,cat_1
3627,4454,263,799,cat_3
3628,2746,287,694,cat_2
3629,142,298,243,cat_3
3630,5485,462,947,cat_2
3631,7550,601,498,cat_3
3632,6164,150,660,cat_0
3633,9154,878,675,cat_0
3634,5931,779,62,cat_3
3635,5183,178,615,cat_2
3636,7371,139,430,cat_3
3637,9925,895,58,cat_2
3638,6699,570,993,cat_3
3639,4744,524,574,cat_2
3640,33,433,263,cat_2
3641,495,630,761,cat_2
3642,5747,567,900,cat_0
3643,8105,520,422,cat_1
3644,7786,52,527,cat_4
3645,5793,435,499,cat_0
3646,1214,201,522,cat_4
3647,400,588,812,cat_1
3648,1042,798,166,cat_4
3649,324,22,398,cat_2
3650,5675,3,25,cat_1
3651,5903,708,916,cat_0
3652,1790,793,537,cat_3
3653,4644,543,363,cat_3
3654,5415,865,346,cat_4
3655,6448,805,853,cat_1
3656,2354,4,892,cat_0
3657,9110,120,56,cat_2
3658,3647,197,399,cat_2
3659,2637,426,394,cat_4
3660,959,323,756,cat_0
3661,8726,974,117,cat_1
3662,5745,942,559,cat_2
3663,7393,405,165,cat_2
3664,7122,879,201,cat_4
3665,6975,165,723,cat_3
3666,9412,963,461,cat_0
3667,4242,836,589,cat_4
3668,6455,106,776,cat_4
3669,1518,175,622,cat_0
3670,1080,299,923,cat_0
3671,6850,86,562,cat_3
3672,6446,821,867,cat_4
3673,9092,241,88,cat_1
3674,4962,627,46,cat_3
3675,6620,706,771,cat_3
3676,189,155,486,cat_2
3677,9600,240,486,cat_0
3678,3025,719,19,cat_1
3679,4003,508,224,cat_1
3680,3557,550,342,cat_3
3681,3866,808,704,cat_3
3682,4753,770,763,cat_0
3683,863,381,610,cat_3
3684,2363,503,793,cat_3
3685,8975,214,163,cat_4
3686,9148,979,143,cat_2
3687,7267,729,681,cat_1
3688,9235,123,8,cat_3
3689,8955,542,327,cat_4
3690,4755,871,575,cat_2
3691,1435,59,172,cat_1
3692,4437,224,230,cat_1
3693,1614,746,161,cat_2
3694,2473,999,433,cat_1
3695,1962,255,533,cat_2
3696,1038,631,8,cat_3
3697,3376,523,796,cat_3
3698,8484,226,932,cat_2
3699,5043,887,727,cat_2
3700,9830,223,153,cat_4
3701,4551,37,753,cat_4
3702,2267,639,775,cat_0
3703,1895,869,450,cat_1
3704,7420,131,175,cat_2
3705,8956,609,669,cat_2
3706,4608,461,709,cat_4
3707,9177,576,236,cat_3
3708,5629,154,634,cat_0
3709,345,925,451,cat_2
3710,3203,191,648,cat_1
3711,6245,440,305,cat_2
3712,4130,539,680,cat_0
3713,4810,644,302,cat_3
3714,4386,926,226,cat_1
3715,5205,196,968,cat_1
3716,227,46,589,cat_0
3717,8845,295,642,cat_3
3718,4428,700,910,cat_1
3719,1505,59,72,cat_2
3720,4501,441,934,cat_0
3721,769,366,997,cat_0
3722,2522,294,477,cat_3
3723,8515,93,260,cat_1
3724,8125,37,47,cat_4
3725,1397,362,354,cat_1
3726,2024,255,158,cat_2
3727,5859,548,63,cat_0
3728,5136,164,499,cat_1
3729,1593,748,954,cat_3
3730,8960,625,953,cat_4
3731,8017,900,140,cat_3
3732,382,603,387,cat_0
3733,5223,678,446,cat_0
3734,63,205,278,cat_4
3735,7072,294,655,cat_1
3736,4916,63,907,cat_0
3737,1469,597,332,cat_0
3738,4171,215,957,cat_0
3739,5969,809,369,cat_1
3740,9227,42,531,cat_4
3741,3123,911,12,cat_3
3742,4205,425,96,cat_4
3743,4384,26,311,cat_4
3744,2928,982,809,cat_2
3745,2561,176,513,cat_3
3746,1377,515,720,cat_1
3747,656,589,566,cat_0
3748,9490,13,350,cat_2
3749,2196,124,681,cat_1
3750,2873,718,743,cat_0
3751,1460,191,196,cat_2
3752,7232,863,136,cat_2
3753,851,197,71,cat_3
3754,8258,464,717,cat_3
3755,474,763,980,cat_1
3756,5207,232,973,cat_0
3757,6347,758,33,cat_2
3758,3636,426,943,cat_1
3759,7402,739,522,cat_0
3760,8914,265,853,cat_3
3761,3284,998,482,cat_3
3762,3008,454,869,cat_1
3763,239,649,800,cat_4
3764,9892,770,220,cat_2
3765,8199,230,189,cat_3
3766,6908,564,70,cat_2
3767,9735,40,772,cat_0
3768,2993,191,115,cat_2
3769,6859,967,252,cat_1
3770,7151,571,70,cat_1
3771,9793,148,299,cat_0
3772,335,130,836,cat_4
3773,2415,984,257,cat_2
3774,8631,745,453,cat_1
3775,9005,129,490,cat_1
3776,6244,85,161,cat_1
3777,1792,503,265,cat_0
3778,4066,481,565,cat_1
3779,5780,219,514,cat_0
3780,3826,757,581,cat_2
3781,5718,29,505,cat_4
3782,8293,808,289,cat_3
3783,2518,54,544,cat_1
3784,3327,159,646,cat_4
3785,1066,996,176,cat_0
3786,5537,65,284,cat_3
3787,5627,299,793,cat_4
3788,9467,799,805,cat_0
3789,4966,601,74,cat_2
3790,8348,882,856,cat_3
3791,8858,941,354,cat_1
3792,3379,321,323,cat_0
3793,9410,391,67,cat_1
3794,3254,453,409,cat_2
3795,6551,551,231,cat_2
3796,4196,540,662,cat_4
3797,5594,381,823,cat_0
3798,4983,368,275,cat_1
3799,9378,148,812,cat_2
3800,6172,628,724,cat_3
3801,2265,335,891,cat_4
3802,4326,77,19,cat_1
3803,3605,143,703,cat_0
3804,1108,957,386,cat_2
3805,9021,888,270,cat_1
3806,1475,127,51,cat_2
3807,5980,258,588,cat_4
3808,6197,13,440,cat_4
3809,5398,476,444,cat_4
3810,3398,911,125,cat_3
3811,654,39,56,cat_2
3812,6870,857,851,cat_4
3813,3386,854,482,cat_3
3814,5878,85,206,cat_3
3815,8389,34,471,cat_3
3816,379,647,674,cat_3
3817,4740,261,377,cat_0
3818,3026,893,962,cat_3
3819,7021,53,371,cat_3
3820,5241,10,566,cat_1
3821,9801,504,579,cat_4
3822,2117,600,168,cat_3
3823,6034,944,518,cat_3
3824,899,951,111,cat_2
3825,9861,259,477,cat_1
3826,242,960,343,cat_2
3827,7740,169,593,cat_2
3828,5245,103,14,cat_1
3829,9166,640,29,cat_2
3830,8920,846,329,cat_4
3831,1231,51,4,cat_0
3832,7548,445,537,cat_2
3833,3298,424,578,cat_3
3834,7646,990,437,cat_1
3835,6088,607,981,cat_3
3836,3000,834,985,cat_2
3837,4032,780,713,cat_0
3838,9185,875,287,cat_3
3839,6115,8,994,cat_4
3840,9359,466,682,cat_0
3841,6372,611,626,cat_0
3842,4180,825,422,cat_3
3843,646,964,890,cat_4
3844,3394,573,949,cat_2
3845,2066,50,155,cat_3
3846,386,420,37,cat_2
3847,3252,529,376,cat_0
3848,5178,728,158,cat_4
3849,4549,588,578,cat_4
3850,4122,742,39,cat_3
3851,2987,751,544,cat_4
3852,230,506,273,cat_4
3853,7800,139,590,cat_2
3854,5021,343,98,cat_0
3855,8662,195,256,cat_1
3856,8214,677,379,cat_2
3857,8151,35,895,cat_1
3858,5748,586,783,cat_1
3859,1156,607,553,cat_0
3860,1077,426,105,cat_2
3861,2081,831,715,cat_3
3862,9162,683,386,cat_3
3863,4384,69,262,cat_4
3864,9154,706,655,cat_2
3865,1173,350,48,cat_0
3866,112,935,277,cat_2
3867,187,85,515,cat_2
3868,1062,552,352,cat_0
3869,2736,985,293,cat_0
3870,8360,872,62,cat_2
3871,113,5,328,cat_4
3872,7241,746,581,cat_4
3873,5768,970,969,cat_4
3874,2903,708,209,cat_2
3875,4387,477,724,cat_4
3876,5084,493,680,cat_4
3877,3319,699,271,cat_0
3878,1307,145,796,cat_0
3879,5298,88,561,cat_0
3880,4907,87,879,cat_3
3881,8504,856,370,cat_1
3882,2043,317,689,cat_2
3883,2759,134,833,cat_3
3884,7919,934,896,cat_4
3885,6983,930,987,cat_2
3886,5002,490,443,cat_2
3887,6048,91,772,cat_2
3888,5357,99,378,cat_0
3889,9159,398,40,cat_0
3890,6691,753,562,cat_0
3891,5001,175,740,cat_1
3892,4541,381,539,cat_0
3893,9487,106,928,cat_2
3894,9200,463,49,cat_0
3895,8489,65,675,cat_0
3896,4152,910,874,cat_3
3897,2933,122,89,cat_2
3898,3085,286,548,cat_2
3899,1284,351,730,cat_4
3900,7462,344,836,cat_3
3901,5161,918,141,cat_3
3902,6307,108,393,cat_4
3903,7343,391,141,cat_3
3904,3837,877,684,cat_3
3905,8843,50,55,cat_3
3906,8457,956,357,cat_4
3907,8964,36,291,cat_2
3908,9531,605,78,cat_3
3909,8044,378,178,cat_4
3910,2025,595,850,cat_0
3911,393,514,318,cat_3
3912,4529,536,180,cat_2
3913,9658,685,483,cat_2
3914,7001,646,334,cat_4
3915,4927,889,369,cat_2
3916,1183,561,48,cat_0
3917,9632,852,591,cat_4
3918,9519,694,65,cat_2
3919,647,210,311,cat_3
3920,1437,43,373,cat_3
3921,1031,21,938,cat_4
3922,1587,2,825,cat_1
3923,4981,269,523,cat_4
3924,5273,359,412,cat_2
3925,1644,734,290,cat_0
3926,9017,655,140,cat_2
3927,3499,66,499,cat_4
3928,5797,455,520,cat_3
3929,2348,661,138,cat_0
3930,7337,214,82,cat_0
3931,3658,854,762,cat_2
3932,7812,668,999,cat_3
3933,3205,552,719,cat_3
3934,6290,988,349,cat_4
3935,5127,361,955,cat_1
3936,6512,69,961,cat_3
3937,7523,580,202,cat_3
3938,4738,894,678,cat_1
3939,6350,491,548,cat_4
3940,9628,881,429,cat_1
3941,1187,611,801,cat_1
3942,9895,755,901,cat_3
3943,2747,696,379,cat_3
3944,9365,18,423,cat_0
3945,900,500,328,cat_3
3946,6140,488,647,cat_2
3947,7802,962,633,cat_0
3948,7369,621,747,cat_4
3949,8682,343,881,cat_2
3950,5312,831,375,cat_2
3951,5897,266,442,cat_0
3952,9083,539,404,cat_1
3953,290,696,556,cat_2
3954,1356,865,911,cat_1
3955,9757,190,476,cat_0
3956,1023,223,660,cat_4
3957,1118,243,583,cat_1
3958,2678,446,113,cat_1
3959,6699,922,362,cat_2
3960,8610,791,312,cat_0
3961,847,427,226,cat_3
3962,2688,98,359,cat_4
3963,1965,532,649,cat_4
3964,1008,805,168,cat_0
3965,524,308,322,cat_2
3966,8759,331,390,cat_2
3967,8737,830,409,cat_1
3968,8487,172,30,cat_0
3969,6685,603,101,cat_2
3970,2599,724,128,cat_3
3971,7636,774,578,cat_3
3972,6422,791,767,cat_4
3973,9962,852,530,cat_3
3974,2711,317,686,cat_3
3975,9561,209,681,cat_0
3976,9671,257,216,cat_1
3977,4784,566,327,cat_4
3978,5438,848,873,cat_4
3979,5661,8,839,cat_0
3980,9282,785,614,cat_2
3981,5829,596,16,cat_3
3982,8304,786,856,cat_2
3983,8399,783,233,cat_2
3984,6559,979,908,cat_0
3985,307,317,889,cat_1
3986,1529,643,403,cat_3
3987,8990,767,321,cat_3
3988,6127,822,845,cat_4
3989,6671,488,217,cat_4
3990,8359,863,936,cat_4
3991,5987,225,755,cat_4
3992,6951,406,714,cat_2
3993,9248,530,899,cat_1
3994,961,774,631,cat_1
3995,5187,772,256,cat_0
3996,3092,704,184,cat_1
3997,7463,632,876,cat_3
3998,5800,225,837,cat_1
3999,3221,604,998,cat_0
4000,1287,369,175,cat_2
4001,1504,310,481,cat_2
4002,1823,119,712,cat_2
4003,7523,988,614,cat_0
4004,2740,591,683,cat_2
4005,7013,533,829,cat_3
4006,8174,673,661,cat_1
4007,6359,850,823,cat_2
4008,1080,547,700,cat_3
4009,9538,813,694,cat_4
4010,7946,952,143,cat_1
4011,5544,639,81,cat_1
4012,9108,644,591,cat_0
4013,176,267,724,cat_0
4014,4009,836,623,cat_3
4015,4884,676,37,cat_2
4016,1511,851,625,cat_0
4017,1832,59,606,cat_1
4018,686,120,603,cat_3
4019,9258,251,530,cat_4
4020,5477,200,278,cat_0
4021,3722,717,537,cat_0
4022,3317,411,991,cat_4
4023,3071,484,288,cat_0
4024,6613,438,386,cat_3
4025,5918,998,687,cat_4
4026,6010,778,667,cat_2
4027,7966,746,330,cat_1
4028,6197,420,834,cat_1
4029,8749,953,608,cat_1
4030,4260,123,302,cat_1
4031,5698,643,483,cat_1
4032,9842,771,77,cat_1
4033,5237,3,18,cat_4
4034,6834,147,30,cat_0
4035,9092,220,553,cat_0
4036,4354,413,25,cat_3
4037,2917,500,752,cat_3
4038,7340,255,89,cat_2
4039,6761,512,794,cat_1
4040,6917,790,219,cat_2
4041,2772,892,516,cat_1
4042,1468,889,22,cat_2
4043,6296,788,18,cat_4
4044,1194,758,5,cat_2
4045,1110,614,661,cat_2
4046,7660,986,697,cat_1
4047,5376,134,133,cat_1
4048,4735,514,360,cat_3
4049,7825,315,662,cat_2
4050,9479,169,689,cat_4
4051,8598,616,157,cat_0
4052,8155,58,40,cat_3
4053,9883,103,298,cat_0
4054,7331,8,419,cat_2
4055,1008,590,587,cat_3
4056,4305,316,238,cat_2
4057,2636,852,356,cat_0
4058,1580,622,305,cat_0
4059,1684,445,985,cat_4
4060,3323,987,916,cat_1
4061,9450,909,295,cat_0
4062,9186,874,573,cat_0
4063,5046,449,224,cat_1
4064,4840,316,259,cat_3
4065,863,925,484,cat_0
4066,2705,952,19,cat_0
4067,5279,69,530,cat_2
4068,3697,943,834,cat_0
4069,4721,234,445,cat_4
4070,1672,444,589,cat_3
4071,4764,402,846,cat_4
4072,3628,655,221,cat_3
4073,1363,595,995,cat_2
4074,1490,386,344,cat_4
4075,6721,764,676,cat_2
4076,6178,599,209,cat_4
4077,2067,995,781,cat_1
4078,5642,873,888,cat_3
4079,4902,564,469,cat_3
4080,6916,8,757,cat_3
4081,3167,291,586,cat_1
4082,3894,178,671,cat_3
4083,1089,102,865,cat_4
4084,2087,576,715,cat_1
4085,9821,777,693,cat_2
4086,9756,320,848,cat_2
4087,2516,341,720,cat_4
4088,7098,523,422,cat_1
4089,7389,405,99,cat_2
4090,1514,607,747,cat_3
4091,563,143,123,cat_1
4092,2496,803,540,cat_4
4093,6566,862,927,cat_1
4094,6514,796,149,cat_0
4095,6339,165,842,cat_4
4096,3763,491,480,cat_4
4097,5912,66,787,cat_4
4098,1123,910,963,cat_4
4099,1076,347,714,cat_0
4100,7077,843,516,cat_2
4101,8380,130,216,cat_3
4102,772,704,250,cat_0
4103,9602,830,660,cat_2
4104,6541,277,77,cat_4
4105,2747,436,577,cat_1
4106,221,628,628,cat_3
4107,7364,583,568,cat_4
4108,5810,984,601,cat_1
4109,8128,463,407,cat_0
4110,1981,731,620,cat_3
4111,9064,963,522,cat_2
4112,3300,321,833,cat_0
4113,7999,821,550,cat_1
4114,4298,136,588,cat_1
4115,4022,301,130,cat_2
4116,8290,673,882,cat_3
4117,2093,849,111,cat_3
4118,680,518,267,cat_1
4119,6270,835,550,cat_3
4120,1053,486,441,cat_0
4121,1439,877,353,cat_0
4122,2716,174,372,cat_1
4123,485,965,705,cat_1
4124,7198,608,169,cat_4
4125,2019,642,923,cat_0
4126,723,550,742,cat_4
4127,1510,991,521,cat_4
4128,6917,106,992,cat_0
4129,2909,885,802,cat_0
4130,6824,21,197,cat_2
4131,722,595,133,cat_1
4132,2916,65,955,cat_2
4133,9118,49,22,cat_1
4134,5894,874,297,cat_4
4135,47,22,895,cat_4
4136,9977,740,550,cat_4
4137,7831,703,13,cat_1
4138,4093,473,773,cat_3
4139,8974,98,300,cat_4
4140,1647,782,620,cat_4
4141,3040,18,408,cat_1
4142,4526,524,409,cat_3
4143,9033,144,386,cat_3
4144,4865,489,16,cat_2
4145,223,887,368,cat_2
4146,7223,317,963,cat_4
4147,1322,862,149,cat_0
4148,4588,508,706,cat_2
4149,527,493,891,cat_2
4150,7399,737,300,cat_1
4151,8977,231,279,cat_2
4152,1423,809,636,cat_2
4153,7721,855,411,cat_1
4154,4162,398,870,cat_0
4155,5142,799,696,cat_4
4156,2958,250,108,cat_2
4157,5120,936,203,cat_0
4158,2063,853,743,cat_4
4159,5888,449,995,cat_2
4160,7980,210,2,cat_4
4161,3783,484,313,cat_2
4162,2794,146,623,cat_3
4163,2565,983,874,cat_3
4164,5050,984,867,cat_0
4165,8968,431,362,cat_1
4166,3730,923,73,cat_1
4167,7224,571,814,cat_4
4168,9775,340,786,cat_0
4169,7231,388,605,cat_2
4170,9816,803,370,cat_4
4171,4937,367,182,cat_4
4172,2674,149,991,cat_4
4173,1195,219,859,cat_2
4174,2562,421,333,cat_0
4175,6077,314,90,cat_1
4176,6339,837,973,cat_0
4177,2346,601,333,cat_0
4178,7960,503,11,cat_3
4179,5460,506,565,cat_3
4180,2577,90,90,cat_2
4181,5644,354,172,cat_1
4182,5322,460,872,cat_3
4183,8526,942,255,cat_4
4184,4215,954,104,cat_1
4185,7613,517,370,cat_1
4186,941,105,879,cat_2
4187,618,685,690,cat_1
4188,1037,255,565,cat_0
4189,8314,284,858,cat_3
4190,841,323,574,cat_3
4191,8581,194,620,cat_0
4192,280,417,883,cat_3
4193,8133,948,194,cat_3
4194,598,787,355,cat_0
4195,3165,885,458,cat_4
4196,3287,669,511,cat_2
4197,8636,843,926,cat_4
4198,9387,95,246,cat_4
4199,7008,409,160,cat_3
4200,4406,263,778,cat_2
4201,3093,587,588,cat_0
4202,6936,219,842,cat_2
4203,8137,609,952,cat_3
4204,8286,38,141,cat_2
4205,5994,275,244,cat_1
4206,1816,798,168,cat_0
4207,1628,597,616,cat_1
4208,3649,240,631,cat_1
4209,402,757,596,cat_4
4210,1027,853,279,cat_3
4211,8562,378,162,cat_3
4212,8103,183,439,cat_0
4213,8257,957,983,cat_3
4214,1039,15,420,cat_1
4215,8469,928,632,cat_2
4216,3863,670,427,cat_0
4217,759,2,688,cat_1
4218,9593,71,98,cat_4
4219,6880,293,491,cat_2
4220,7114,253,385,cat_4
4221,2122,238,132,cat_0
4222,8724,393,314,cat_2
4223,8800,727,34,cat_1
4224,8321,923,556,cat_1
4225,9687,934,800,cat_1
4226,8779,605,307,cat_2
4227,7507,784,706,cat_2
4228,9719,34,798,cat_0
4229,5011,336,681,cat_0
4230,1222,940,135,cat_2
4231,5167,817,277,cat_0
4232,5926,118,678,cat_4
4233,7609,832,381,cat_2
4234,2439,663,977,cat_3
4235,9019,561,623,cat_2
4236,9528,610,829,cat_2
4237,3494,929,180,cat_2
4238,113,55,533,cat_0
4239,3339,950,705,cat_2
4240,5014,192,107,cat_4
4241,1138,820,574,cat_4
4242,8729,629,168,cat_2
4243,5051,137,141,cat_2
4244,2924,647,749,cat_2
4245,4477,776,725,cat_3
4246,1213,779,804,cat_1
4247,9301,435,987,cat_1
4248,9819,48,69,cat_0
4249,8502,338,73,cat_2
4250,2563,496,231,cat_2
4251,1475,851,368,cat_3
4252,1495,424,670,cat_2
4253,8702,162,63,cat_3
4254,41,801,262,cat_2
4255,5658,903,512,cat_3
4256,6156,944,961,cat_0
4257,4025,320,193,cat_3
4258,9313,907,171,cat_1
4259,1898,736,271,cat_0
4260,5573,909,124,cat_3
4261,9548,994,214,cat_1
4262,9308,864,529,cat_0
4263,4348,278,474,cat_1
4264,4481,69,443,cat_2
4265,7314,358,885,cat_1
4266,3460,658,121,cat_4
4267,2664,342,896,cat_1
4268,9232,946,216,cat_2
4269,6020,813,123,cat_1
4270,4982,38,583,cat_0
4271,5163,241,823,cat_2
4272,6217,595,323,cat_3
4273,9109,443,751,cat_0
4274,5414,592,38,cat_0
4275,1233,316,135,cat_0
4276,719,197,885,cat_1
4277,1117,811,451,cat_0
4278,8836,96,549,cat_0
4279,6170,767,389,cat_2
4280,9373,455,966,cat_2
4281,8328,574,641,cat_4
4282,7121,2,41,cat_0
4283,9827,788,787,cat_2
4284,9861,310,947,cat_1
4285,5379,831,614,cat_4
4286,8491,127,481,cat_1
4287,1013,670,268,cat_0
4288,4432,218,732,cat_2
4289,6547,191,276,cat_2
4290,4150,242,479,cat_4
4291,1234,224,882,cat_2
4292,7368,121,300,cat_0
4293,6540,268,442,cat_0
4294,6440,117,645,cat_4
4295,949,126,769,cat_4
4296,7952,135,216,cat_4
4297,3965,328,300,cat_4
4298,5457,785,670,cat_1
4299,9531,489,163,cat_1
4300,8698,782,912,cat_4
4301,7542,887,76,cat_4
4302,9269,574,652,cat_1
4303,2224,991,969,cat_0
4304,7380,704,500,cat_3
4305,350,53,30,cat_3
4306,4273,758,681,cat_0
4307,8238,510,216,cat_4
4308,1161,255,781,cat_1
4309,5528,641,145,cat_3
4310,5650,697,345,cat_4
4311,1137,381,355,cat_0
4312,7469,5,642,cat_1
4313,85,374,160,cat_2
4314,2860,62,775,cat_0
4315,1836,358,536,cat_3
4316,1070,107,356,cat_0
4317,5211,555,418,cat_4
4318,1450,749,826,cat_4
4319,7079,467,444,cat_4
4320,9341,974,421,cat_4
4321,829,769,752,cat_4
4322,9426,521,952,cat_1
4323,6695,321,866,cat_3
4324,17,565,3,cat_0
4325,5605,331,975,cat_4
4326,6561,784,267,cat_2
4327,1067,575,143,cat_4
4328,4606,176,912,cat_2
4329,574,318,582,cat_0
4330,2554,527,729,cat_4
4331,3696,788,435,cat_1
4332,4070,229,152,cat_3
4333,6475,575,63,cat_0
4334,1508,763,413,cat_0
4335,6127,204,278,cat_1
4336,2440,600,457,cat_1
4337,8978,508,197,cat_2
4338,7011,935,624,cat_0
4339,6192,893,260,cat_1
4340,2799,21,636,cat_2
4341,2710,557,31,cat_0
4342,4896,124,375,cat_3
4343,4652,324,471,cat_0
4344,8028,182,743,cat_4
4345,6522,274,662,cat_3
4346,4155,362,975,cat_2
4347,4584,838,520,cat_1
4348,5903,681,289,cat_1
4349,4853,483,357,cat_3
4350,7097,18,723,cat_2
4351,716,272,553,cat_1
4352,9135,912,147,cat_2
4353,6241,1000,271,cat_3
4354,3475,978,664,cat_2
4355,2910,808,243,cat_4
4356,1789,680,951,cat_1
4357,5813,667,806,cat_3
4358,2350,888,959,cat_4
4359,100,781,907,cat_2
4360,8610,662,211,cat_2
4361,246,661,116,cat_0
4362,6642,276,630,cat_4
4363,1643,492,291,cat_4
4364,4147,152,807,cat_3
4365,1587,747,413,cat_0
4366,7033,284,366,cat_0
4367,9199,996,770,cat_1
4368,1751,314,366,cat_0
4369,9307,188,552,cat_1
4370,4437,905,255,cat_0
4371,8295,217,851,cat_3
4372,4724,553,890,cat_3
4373,6262,81,615,cat_4
4374,5968,344,128,cat_3
4375,4653,71,44,cat_2
4376,8632,351,793,cat_4
4377,9056,542,510,cat_3
4378,5169,469,277,cat_0
4379,9198,602,191,cat_1
4380,6901,806,650,cat_0
4381,5537,4,255,cat_3
4382,7428,105,983,cat_1
4383,4247,787,25,cat_3
4384,2101,740,867,cat_1
4385,3918,452,265,cat_2
4386,8447,745,579,cat_0
4387,345,294,886,cat_1
4388,1760,930,290,cat_0
4389,2724,672,885,cat_4
4390,4220,437,867,cat_2
4391,2421,960,283,cat_1
4392,1959,864,319,cat_2
4393,2078,576,583,cat_2
4394,2445,392,198,cat_4
4395,6852,229,487,cat_1
4396,816,995,135,cat_1
4397,7728,267,298,cat_1
4398,2564,791,140,cat_2
4399,1912,867,599,cat_3
4400,3473,258,471,cat_1
4401,7583,510,38,cat_3
4402,4334,728,990,cat_1
4403,322,303,192,cat_0
4404,139,968,836,cat_0
4405,208,420,428,cat_0
4406,9770,812,143,cat_0
4407,7096,294,243,cat_4
4408,2268,691,942,cat_3
4409,5489,658,199,cat_0
4410,4720,930,925,cat_3
4411,2445,20,523,cat_3
4412,9986,896,315,cat_2
4413,5439,261,429,cat_1
4414,5250,358,695,cat_2
4415,1431,768,378,cat_1
4416,151,594,796,cat_0
4417,5961,406,875,cat_0
4418,1285,704,675,cat_0
4419,4043,524,116,cat_3
4420,3274,683,116,cat_4
4421,7313,751,264,cat_3
4422,646,681,904,cat_3
4423,3378,369,6,cat_4
4424,2908,465,820,cat_1
4425,5656,332,652,cat_0
4426,6415,756,848,cat_1
4427,5687,599,482,cat_0
4428,5744,137,42,cat_1
4429,2411,356,998,cat_0
4430,5243,905,567,cat_0
4431,9162,476,542,cat_4
4432,5485,203,591,cat_4
4433,2979,982,578,cat_1
4434,5965,58,507,cat_0
4435,8407,98,524,cat_3
4436,1649,509,492,cat_1
4437,6853,646,459,cat_0
4438,1451,123,48,cat_2
4439,6307,236,238,cat_3
4440,1038,454,804,cat_4
4441,7992,975,16,cat_1
4442,5214,431,611,cat_0
4443,6828,786,200,cat_2
4444,602,995,764,cat_2
4445,6267,176,516,cat_1
4446,8343,139,178,cat_2
4447,2704,412,961,cat_2
4448,6927,579,746,cat_4
4449,6018,173,426,cat_0
4450,6888,348,546,cat_0
4451,8145,638,324,cat_0
4452,6893,790,219,cat_1
4453,4475,789,214,cat_1
4454,3710,806,536,cat_1
4455,7128,209,725,cat_0
4456,1904,908,382,cat_3
4457,7770,294,115,cat_3
4458,1882,614,879,cat_0
4459,2973,520,986,cat_1
4460,8151,193,307,cat_0
4461,3282,850,97,cat_1
4462,2771,959,279,cat_1
4463,954,664,803,cat_0
4464,8939,307,723,cat_3
4465,1152,321,466,cat_1
4466,9986,332,727,cat_1
4467,585,525,170,cat_0
4468,4725,860,878,cat_2
4469,6547,997,22,cat_3
4470,7084,729,655,cat_4
4471,7500,536,639,cat_3
4472,3324,839,714,cat_0
4473,3788,591,146,cat_1
4474,3717,192,699,cat_3
4475,8868,126,420,cat_2
4476,2942,18,505,cat_4
4477,5201,332,524,cat_2
4478,9486,278,871,cat_4
4479,6555,326,36,cat_4
4480,767,220,417,cat_2
4481,8878,400,94,cat_1
4482,1234,912,137,cat_2
4483,4754,956,535,cat_2
4484,874,265,67,cat_0
4485,3684,401,521,cat_4
4486,2398,153,634,cat_0
4487,4968,293,128,cat_1
4488,9366,613,819,cat_2
4489,9113,980,985,cat_1
4490,2631,342,735,cat_0
4491,5455,17,27,cat_2
4492,2463,126,843,cat_0
4493,5321,226,276,cat_2
4494,8885,586,102,cat_0
4495,3935,139,104,cat_0
4496,8984,570,604,cat_3
4497,6246,289,776,cat_1
4498,7057,197,782,cat_2
4499,6587,142,68,cat_3
4500,2804,417,489,cat_1
4501,6178,655,792,cat_3
4502,8711,201,703,cat_0
4503,2414,332,332,cat_3
4504,7266,646,609,cat_2
4505,9225,405,786,cat_4
4506,5757,54,717,cat_2
4507,153,408,53,cat_2
4508,7107,438,283,cat_4
4509,9854,864,834,cat_4
4510,7171,183,779,cat_1
4511,1747,391,509,cat_3
4512,8787,719,857,cat_4
4513,9626,198,975,cat_0
4514,8639,510,491,cat_1
4515,703,43,846,cat_3
4516,7277,771,165,cat_3
4517,1847,602,909,cat_1
4518,8738,248,128,cat_4
4519,5646,264,880,cat_2
4520,2832,975,841,cat_4
4521,19,52,929,cat_3
4522,6903,696,248,cat_0
4523,8396,570,875,cat_3
4524,4474,485,679,cat_3
4525,8951,990,339,cat_2
4526,7774,107,735,cat_3
4527,5373,23,878,cat_1
4528,3162,177,696,cat_1
4529,1260,16,850,cat_2
4530,8524,664,565,cat_0
4531,2457,222,849,cat_4
4532,4538,245,735,cat_0
4533,6364,452,26,cat_4
4534,4961,102,591,cat_2
4535,3042,737,748,cat_4
4536,8851,481,997,cat_2
4537,4841,961,504,cat_3
4538,2615,918,672,cat_1
4539,1752,528,982,cat_4
4540,7624,945,115,cat_0
4541,1544,788,149,cat_4
4542,5213,408,912,cat_2
4543,2040,769,605,cat_4
4544,35,273,299,cat_4
4545,8073,782,926,cat_1
4546,5181,180,683,cat_0
4547,9303,102,644,cat_1
4548,4864,553,911,cat_2
4549,5239,977,387,cat_3
4550,4185,920,398,cat_2
4551,1222,647,561,cat_2
4552,1090,387,694,cat_0
4553,9957,653,693,cat_0
4554,484,318,214,cat_1
4555,4295,231,49,cat_3
4556,7891,172,128,cat_2
4557,4344,451,47,cat_3
4558,6920,166,180,cat_4
4559,8892,662,715,cat_1
4560,3510,196,580,cat_3
4561,1640,283,410,cat_3
4562,4822,349,63,cat_4
4563,6529,712,859,cat_2
4564,9895,996,213,cat_1
4565,4766,779,884,cat_4
4566,2400,513,880,cat_2
4567,2362,22,555,cat_3
4568,9964,595,275,cat_0
4569,8997,311,395,cat_4
4570,1295,462,78,cat_4
4571,6593,332,969,cat_1
4572,93,636,134,cat_3
4573,9378,393,693,cat_1
4574,1508,755,157,cat_2
4575,3824,254,59,cat_2
4576,5805,912,350,cat_3
4577,9162,303,245,cat_2
4578,2711,977,118,cat_0
4579,5211,44,186,cat_4
4580,4910,22,792,cat_0
4581,77,54,736,cat_2
4582,5151,893,220,cat_4
4583,4101,527,227,cat_2
4584,1152,118,261,cat_0
4585,2798,299,186,cat_1
4586,3002,903,168,cat_1
4587,5888,906,800,cat_1
4588,2741,594,156,cat_0
4589,3741,249,452,cat_2
4590,5556,543,85,cat_1
4591,914,275,502,cat_0
4592,1109,853,407,cat_3
4593,6433,922,42,cat_3
4594,8480,904,981,cat_0
4595,8697,800,369,cat_2
4596,8928,492,137,cat_2
4597,1445,292,969,cat_3
4598,4298,74,605,cat_4
4599,8434,997,45,cat_2
4600,2458,757,182,cat_3
4601,5699,397,210,cat_2
4602,9664,477,282,cat_1
4603,4920,592,290,cat_1
4604,9439,197,348,cat_4
4605,7083,194,863,cat_2
4606,9954,394,366,cat_0
4607,6526,14,192,cat_1
4608,5531,786,108,cat_4
4609,4430,771,240,cat_4
4610,5557,465,841,cat_0
4611,1478,843,783,cat_1
4612,1348,683,404,cat_0
4613,7532,805,512,cat_3
4614,5926,397,690,cat_4
4615,671,641,976,cat_3
4616,7961,880,699,cat_1
4617,6039,915,237,cat_4
4618,4243,633,864,cat_4
4619,3476,477,653,cat_4
4620,8769,822,141,cat_3
4621,4600,362,523,cat_1
4622,9164,951,828,cat_0
4623,1706,739,945,cat_3
4624,7160,781,997,cat_3
4625,8185,586,434,cat_3
4626,5683,43,253,cat_3
4627,3335,306,916,cat_0
4628,7929,888,693,cat_1
4629,8004,499,645,cat_4
4630,4665,365,629,cat_0
4631,2066,285,133,cat_4
4632,3419,925,215,cat_1
4633,7389,231,903,cat_4
4634,584,977,322,cat_4
4635,6385,10,589,cat_4
4636,3277,988,170,cat_0
4637,4579,209,666,cat_2
4638,1634,951,609,cat_3
4639,7097,490,15,cat_3
4640,8508,614,281,cat_0
4641,273,807,644,cat_4
4642,5649,425,500,cat_1
4643,170,902,440,cat_1
4644,8108,447,421,cat_0
4645,3719,322,9,cat_3
4646,2830,841,276,cat_3
4647,4504,767,695,cat_4
4648,8855,84,888,cat_4
4649,5985,959,49,cat_3
4650,6613,589,729,cat_3
4651,465,145,256,cat_3
4652,2289,97,26,cat_3
4653,1584,675,631,cat_1
4654,2199,131,345,cat_4
4655,2870,512,200,cat_2
4656,6556,173,529,cat_0
4657,5909,404,492,cat_2
4658,7729,507,376,cat_3
4659,3193,589,613,cat_1
4660,931,118,768,cat_2
4661,2078,974,60,cat_2
4662,5432,760,319,cat_2
4663,3583,830,730,cat_0
4664,7542,256,821,cat_3
4665,1296,104,641,cat_3
4666,808,300,140,cat_2
4667,6674,518,328,cat_3
4668,7891,751,488,cat_1
4669,6816,562,155,cat_0
4670,563,770,536,cat_0
4671,1985,262,991,cat_3
4672,6521,394,641,cat_4
4673,7876,200,986,cat_3
4674,7405,475,249,cat_0
4675,2388,909,83,cat_0
4676,1932,785,801,cat_4
4677,2306,224,297,cat_3
4678,2728,775,608,cat_2
4679,2545,744,839,cat_2
4680,197,469,391,cat_0
4681,4367,272,172,cat_3
4682,1731,550,501,cat_3
4683,3503,115,972,cat_1
4684,6173,482,525,cat_2
4685,5254,1000,864,cat_1
4686,6735,997,872,cat_1
4687,3976,407,600,cat_0
4688,3224,302,458,cat_0
4689,6597,407,91,cat_1
4690,7435,158,684,cat_4
4691,4045,39,445,cat_0
4692,3916,737,968,cat_1
4693,704,3,66,cat_4
4694,7633,34,621,cat_4
4695,7619,515,972,cat_2
4696,7158,670,380,cat_4
4697,7250,375,7,cat_3
4698,1920,778,444,cat_4
4699,7004,264,666,cat_0
4700,4362,583,43,cat_3
4701,3059,851,227,cat_3
4702,9924,827,212,cat_2
4703,9285,859,324,cat_2
4704,6765,496,729,cat_4
4705,2831,702,634,cat_3
4706,8922,437,229,cat_2
4707,123,127,982,cat_4
4708,2959,578,937,cat_2
4709,101,517,28,cat_1
4710,523,834,757,cat_2
4711,1923,729,754,cat_3
4712,9808,16,925,cat_4
4713,747,715,768,cat_0
4714,5002,960,766,cat_4
4715,927,218,322,cat_1
4716,601,204,249,cat_3
4717,8533,938,154,cat_3
4718,3138,650,809,cat_1
4719,1735,286,798,cat_0
4720,6069,887,405,cat_3
4721,8548,598,379,cat_0
4722,9679,417,743,cat_1
4723,2287,832,135,cat_4
4724,414,979,6,cat_0
4725,9141,602,820,cat_0
4726,2787,48,460,cat_4
4727,9493,53,280,cat_3
4728,8401,747,521,cat_4
4729,2182,821,765,cat_3
4730,2414,524,329,cat_3
4731,8284,253,833,cat_2
4732,6336,571,579,cat_4
4733,7207,943,181,cat_1
4734,4187,153,980,cat_0
4735,9330,187,774,cat_4
4736,8680,358,264,cat_4
4737,754,723,932,cat_1
4738,1973,810,475,cat_4
4739,5639,471,760,cat_4
4740,575,786,57,cat_0
4741,8333,862,666,cat_1
4742,8500,388,280,cat_2
4743,1500,276,421,cat_1
4744,3820,341,368,cat_1
4745,8270,740,779,cat_0
4746,8316,176,730,cat_4
4747,3290,924,535,cat_1
4748,5922,643,905,cat_0
4749,4273,798,947,cat_0
4750,4557,456,434,cat_1
4751,7527,12,4,cat_1
4752,3913,99,822,cat_4
4753,592,494,165,cat_2
4754,5241,999,898,cat_3
4755,2651,298,114,cat_3
4756,4544,179,228,cat_1
4757,9377,104,457,cat_2
4758,4292,815,471,cat_1
4759,4705,896,497,cat_0
4760,4062,627,101,cat_4
4761,1187,81,214,cat_0
4762,3699,148,451,cat_1
4763,3044,582,890,cat_4
4764,1719,727,517,cat_2
4765,9611,759,271,cat_2
4766,2853,524,59,cat_3
4767,6309,481,445,cat_2
4768,4235,987,236,cat_1
4769,4211,855,702,cat_0
4770,3684,70,44,cat_2
4771,8801,604,34,cat_0
4772,856,931,791,cat_3
4773,6077,603,467,cat_1
4774,7021,70,278,cat_4
4775,9,984,653,cat_2
4776,201,463,531,cat_0
4777,8691,149,949,cat_0
4778,5217,415,961,cat_3
4779,8567,54,648,cat_1
4780,8844,193,458,cat_0
4781,3475,168,166,cat_0
4782,4975,505,588,cat_4
4783,5055,376,857,cat_4
4784,4689,906,282,cat_3
4785,7124,294,722,cat_3
4786,3791,343,230,cat_2
4787,5454,668,902,cat_0
4788,9024,762,976,cat_4
4789,1870,700,895,cat_2
4790,7844,530,211,cat_1
4791,4567,962,46,cat_4
4792,8106,585,3,cat_3
4793,9264,966,112,cat_4
4794,4170,551,58,cat_0
4795,7420,856,678,cat_2
4796,1947,461,435,cat_0
4797,4085,376,31,cat_4
4798,1432,839,619,cat_2
4799,5414,514,176,cat_1
4800,7337,727,30,cat_2
4801,3284,369,370,cat_4
4802,529,354,980,cat_4
4803,9674,210,726,cat_3
4804,9583,223,657,cat_1
4805,5196,147,270,cat_2
4806,1079,470,466,cat_3
4807,6328,872,743,cat_3
4808,3223,3,154,cat_4
4809,8567,296,104,cat_3
4810,4956,642,240,cat_4
4811,5061,558,977,cat_4
4812,4370,83,635,cat_0
4813,7302,72,313,cat_4
4814,8832,913,268,cat_2
4815,1581,689,441,cat_1
4816,5732,177,362,cat_0
4817,3810,767,647,cat_3
4818,9734,767,384,cat_3
4819,9098,757,38,cat_2
4820,3816,614,838,cat_3
4821,8694,166,276,cat_0
4822,9538,308,405,cat_3
4823,3042,801,188,cat_3
4824,3842,949,807,cat_1
4825,1482,161,988,cat_0
4826,7450,726,197,cat_0
4827,6100,758,786,cat_3
4828,4778,138,119,cat_1
4829,8635,918,863,cat_2
4830,9970,382,739,cat_1
4831,7453,522,327,cat_2
4832,7258,418,110,cat_3
4833,5800,642,183,cat_0
4834,5027,484,564,cat_4
4835,2258,592,279,cat_1
4836,950,126,971,cat_0
4837,7275,342,216,cat_3
4838,1536,499,214,cat_2
4839,4411,66,85,cat_2
4840,7879,885,62,cat_4
4841,7519,75,885,cat_0
4842,3564,451,226,cat_3
4843,312,612,815,cat_4
4844,5885,896,139,cat_0
4845,3138,413,164,cat_2
4846,525,96,482,cat_3
4847,9438,982,145,cat_2
4848,6408,488,682,cat_0
4849,801,647,200,cat_1
4850,4874,187,412,cat_3
4851,4353,616,588,cat_2
4852,5554,108,115,cat_2
4853,7735,400,535,cat_3
4854,8157,762,312,cat_3
4855,7427,262,922,cat_3
4856,5373,941,853,cat_3
4857,9564,479,320,cat_3
4858,6641,328,119,cat_1
4859,957,320,224,cat_1
4860,2917,392,621,cat_4
4861,216,825,443,cat_1
4862,5349,411,758,cat_0
4863,4527,113,921,cat_1
4864,2422,510,667,cat_3
4865,3779,411,193,cat_3
4866,8601,943,906,cat_0
4867,5948,188,290,cat_3
4868,1531,958,609,cat_1
4869,920,657,750,cat_2
4870,3708,810,581,cat_0
4871,5262,656,868,cat_1
4872,9834,400,591,cat_0
4873,9262,696,797,cat_2
4874,2339,377,668,cat_2
4875,7028,620,293,cat_1
4876,4445,560,267,cat_2
4877,2761,133,597,cat_2
4878,2525,52,44,cat_3
4879,8417,601,426,cat_3
4880,7514,629,585,cat_3
4881,6661,566,442,cat_1
4882,4946,849,102,cat_2
4883,3022,505,87,cat_1
4884,9749,658,443,cat_2
4885,3112,13,98,cat_0
4886,5514,650,152,cat_4
4887,1413,955,649,cat_4
4888,9432,730,965,cat_4
4889,5438,912,988,cat_1
4890,2679,485,558,cat_4
4891,2689,974,102,cat_1
4892,5208,826,211,cat_4
4893,7261,682,141,cat_2
4894,4089,462,672,cat_3
4895,5648,637,871,cat_0
4896,70,49,345,cat_2
4897,1762,520,55,cat_0
4898,8429,428,132,cat_4
4899,9462,528,470,cat_0
4900,5371,711,586,cat_1
4901,1100,382,459,cat_0
4902,430,3,725,cat_3
4903,7442,733,990,cat_0
4904,7817,359,579,cat_4
4905,2465,426,482,cat_1
4906,9871,297,794,cat_4
4907,8822,527,354,cat_4
4908,5408,756,479,cat_3
4909,5683,454,834,cat_4
4910,1450,629,412,cat_3
4911,3121,242,326,cat_4
4912,4055,601,119,cat_0
4913,9777,509,591,cat_4
4914,7641,281,660,cat_1
4915,638,598,260,cat_1
4916,8767,347,793,cat_1
4917,5512,381,450,cat_1
4918,9941,299,422,cat_4
4919,7304,308,496,cat_1
4920,9130,708,316,cat_3
4921,2698,181,580,cat_4
4922,8101,464,500,cat_4
4923,6659,144,526,cat_0
4924,3876,896,852,cat_3
4925,56,773,493,cat_1
4926,5456,242,20,cat_4
4927,3337,541,252,cat_2
4928,2149,978,944,cat_1
4929,3039,25,526,cat_4
4930,3281,894,486,cat_2
4931,7605,540,554,cat_2
4932,2820,710,257,cat_1
4933,153,264,385,cat_2
4934,1262,408,70,cat_0
4935,9974,886,797,cat_2
4936,6128,934,965,cat_0
4937,5291,122,614,cat_1
4938,9098,294,655,cat_3
4939,2254,700,415,cat_3
4940,6983,435,228,cat_0
4941,8323,298,876,cat_2
4942,5670,683,835,cat_1
4943,8350,274,187,cat_2
4944,76,639,783,cat_2
4945,5230,577,501,cat_4
4946,9365,572,37,cat_2
4947,1977,491,64,cat_1
4948,3084,735,600,cat_3
4949,3934,286,367,cat_4
4950,8484,978,302,cat_0
4951,4340,471,823,cat_0
4952,2656,48,797,cat_1
4953,5521,467,445,cat_3
4954,3548,85,473,cat_0
4955,1847,202,486,cat_3
4956,7150,832,895,cat_3
4957,2505,95,890,cat_0
4958,7786,600,487,cat_0
4959,2916,402,448,cat_1
4960,894,360,858,cat_1
4961,1088,229,762,cat_4
4962,6638,789,624,cat_2
4963,7225,831,716,cat_1
4964,838,912,432,cat_2
4965,5003,112,572,cat_2
4966,8086,27,635,cat_2
4967,5225,50,151,cat_0
4968,3103,225,592,cat_2
4969,5633,550,330,cat_4
4970,1750,632,841,cat_4
4971,8020,488,558,cat_4
4972,9246,494,352,cat_0
4973,1517,392,780,cat_2
4974,9404,853,770,cat_2
4975,3347,45,15,cat_2
4976,327,27,57,cat_4
4977,4344,538,192,cat_1
4978,1120,973,350,cat_4
4979,6181,843,968,cat_1
4980,7434,996,185,cat_3
4981,425,153,577,cat_3
4982,6494,217,877,cat_2
4983,3215,805,469,cat_0
4984,1110,183,52,cat_1
4985,5805,333,684,cat_1
4986,5785,121,465,cat_4
4987,443,327,262,cat_4
4988,4288,783,671,cat_3
4989,6862,16,297,cat_0
4990,9219,924,903,cat_0
4991,1722,856,159,cat_4
4992,6813,187,41,cat_2
4993,991,226,772,cat_1
4994,2116,988,135,cat_3
4995,7430,763,333,cat_1
4996,5096,652,542,cat_4
4997,6021,215,131,cat_0
4998,3202,823,942,cat_2
4999,3791,961,279,cat_1
5000,6770,716,838,cat_3
5001,4761,454,42,cat_1
5002,1611,951,485,cat_3
5003,4662,160,192,cat_4
5004,6031,79,565,cat_4
5005,6542,219,159,cat_2
5006,7012,239,622,cat_3
5007,1840,551,381,cat_1
5008,2730,713,723,cat_4
5009,1077,810,398,cat_0
5010,6219,801,732,cat_1
5011,3142,381,111,cat_0
5012,9853,326,464,cat_1
5013,8832,725,689,cat_1
5014,8909,432,563,cat_4
5015,6950,284,72,cat_3
5016,3387,479,910,cat_0
5017,6505,750,539,cat_0
5018,1368,554,261,cat_2
5019,5737,822,345,cat_0
5020,4701,349,594,cat_4
5021,6256,347,926,cat_4
5022,5592,544,570,cat_1
5023,8514,727,28,cat_0
5024,8320,224,944,cat_3
5025,9229,168,517,cat_3
5026,311,988,813,cat_4
5027,837,615,721,cat_2
5028,3800,669,88,cat_2
5029,5570,206,111,cat_4
5030,6824,162,806,cat_0
5031,4790,199,230,cat_3
5032,5999,199,345,cat_3
5033,7683,539,376,cat_2
5034,8782,901,538,cat_2
5035,704,896,59,cat_4
5036,7846,920,681,cat_2
5037,2074,611,263,cat_2
5038,7304,793,394,cat_0
5039,5039,535,610,cat_2
5040,4906,82,238,cat_3
5041,5676,120,40,cat_0
5042,986,643,73,cat_4
5043,2887,343,301,cat_4
5044,4657,843,632,cat_3
5045,4773,20,268,cat_0
5046,1758,971,86,cat_3
5047,3963,518,185,cat_0
5048,9655,150,986,cat_0
5049,9769,237,821,cat_1
5050,9519,581,651,cat_3
5051,6467,522,151,cat_3
5052,4306,589,324,cat_0
5053,9117,318,89,cat_2
5054,8551,703,314,cat_4
5055,298,557,696,cat_3
5056,1337,335,356,cat_4
5057,2877,481,88,cat_1
5058,3811,958,156,cat_2
5059,1522,572,969,cat_0
5060,3701,915,755,cat_4
5061,4467,448,576,cat_3
5062,5295,470,626,cat_2
5063,1586,111,953,cat_3
5064,4345,647,681,cat_3
5065,7368,1000,423,cat_4
5066,6787,745,402,cat_1
5067,3275,639,610,cat_0
5068,4218,350,789,cat_3
5069,9871,831,224,cat_4
5070,935,713,392,cat_0
5071,228,64,457,cat_1
5072,8263,228,482,cat_2
5073,8618,176,560,cat_1
5074,6965,266,30,cat_0
5075,8049,446,305,cat_4
5076,9541,359,249,cat_1
5077,4972,521,605,cat_4
5078,3224,796,402,cat_1
5079,6918,291,347,cat_4
5080,4482,100,173,cat_3
5081,2545,919,538,cat_3
5082,6034,929,534,cat_4
5083,9518,597,136,cat_0
5084,1548,307,453,cat_1
5085,4040,505,180,cat_4
5086,1960,231,483,cat_4
5087,1152,256,434,cat_0
5088,3911,977,268,cat_4
5089,1860,92,590,cat_0
5090,3213,98,110,cat_2
5091,5174,426,495,cat_1
5092,9341,470,372,cat_2
5093,9187,168,619,cat_3
5094,6031,340,409,cat_0
5095,7850,232,306,cat_1
5096,9887,564,702,cat_2
5097,6814,505,282,cat_4
5098,8401,339,69,cat_3
5099,5361,988,505,cat_3
5100,2791,632,699,cat_1
5101,5409,658,993,cat_0
5102,9105,146,655,cat_0
5103,8269,738,477,cat_0
5104,7761,627,214,cat_1
5105,9897,412,214,cat_4
5106,9723,813,35,cat_4
5107,8746,611,173,cat_1
5108,8618,64,431,cat_2
5109,9601,682,418,cat_4
5110,9693,674,545,cat_2
5111,91,405,121,cat_3
5112,8062,781,606,cat_3
5113,8682,617,335,cat_3
5114,4616,849,812,cat_2
5115,8893,391,921,cat_3
5116,2192,929,331,cat_0
5117,7434,515,266,cat_1
5118,7417,592,424,cat_1
5119,8740,111,366,cat_4
5120,9008,30,64,cat_3
5121,3555,168,108,cat_3
5122,2101,372,379,cat_3
5123,2439,255,620,cat_4
5124,9094,166,259,cat_4
5125,4288,405,395,cat_4
5126,1598,991,451,cat_1
5127,2354,945,817,cat_3
5128,4746,890,868,cat_4
5129,6642,732,237,cat_1
5130,7806,860,589,cat_2
5131,2466,64,756,cat_3
5132,4795,427,266,cat_0
5133,4621,829,630,cat_4
5134,8825,75,875,cat_0
5135,876,696,161,cat_2
5136,2286,240,666,cat_0
5137,9039,566,512,cat_4
5138,7436,395,642,cat_4
5139,4277,375,236,cat_2
5140,3115,370,399,cat_0
5141,5583,833,385,cat_3
5142,6971,279,80,cat_0
5143,9825,415,337,cat_3
5144,6917,75,629,cat_0
5145,2576,618,515,cat_4
5146,9464,355,325,cat_2
5147,1508,230,200,cat_3
5148,5628,912,263,cat_2
5149,5070,975,469,cat_2
5150,4878,35,795,cat_1
5151,8550,265,185,cat_2
5152,9658,575,878,cat_0
5153,7757,653,927,cat_3
5154,7911,218,25,cat_1
5155,6759,764,850,cat_1
5156,9933,444,86,cat_3
5157,7886,357,576,cat_4
5158,9955,49,424,cat_2
5159,5780,864,674,cat_0
5160,6277,463,628,cat_3
5161,2016,378,461,cat_1
5162,6851,318,859,cat_1
5163,387,46,458,cat_4
5164,5691,835,57,cat_0
5165,3634,190,735,cat_1
5166,6914,100,387,cat_1
5167,350,111,863,cat_0
5168,9564,73,947,cat_2
5169,1499,574,588,cat_2
5170,5056,770,727,cat_1
5171,5274,991,107,cat_4
5172,4888,296,729,cat_2
5173,1003,103,297,cat_4
5174,3016,503,76,cat_2
5175,4099,708,536,cat_2
5176,4126,113,193,cat_0
5177,6820,124,900,cat_0
5178,1773,805,993,cat_3
5179,1493,731,439,cat_1
5180,6275,553,358,cat_0
5181,4824,811,882,cat_4
5182,3370,364,502,cat_2
5183,3677,753,54,cat_3
5184,9353,367,16,cat_1
5185,5668,13,980,cat_4
5186,318,756,268,cat_1
5187,6796,781,283,cat_4
5188,4352,363,753,cat_0
5189,2429,960,395,cat_0
5190,9698,692,611,cat_1
5191,5923,440,596,cat_4
5192,9591,863,60,cat_0
5193,8325,43,916,cat_2
5194,2102,690,966,cat_0
5195,3028,500,915,cat_0
5196,2503,7,521,cat_3
5197,2802,881,305,cat_0
5198,5261,336,504,cat_0
5199,9144,665,380,cat_4
5200,1381,6,263,cat_4
5201,1816,874,908,cat_0
5202,8875,204,394,cat_0
5203,3319,586,156,cat_0
5204,4384,35,426,cat_1
5205,4299,45,478,cat_2
5206,6584,69,575,cat_2
5207,1576,946,354,cat_4
5208,8868,297,355,cat_0
5209,3541,680,866,cat_0
5210,3956,960,399,cat_2
5211,3048,188,381,cat_4
5212,497,761,347,cat_2
5213,9514,451,242,cat_2
5214,808,359,399,cat_0
5215,7567,25,150,cat_0
5216,7687,370,902,cat_3
5217,9277,484,53,cat_1
5218,472,148,914,cat_1
5219,3305,867,433,cat_1
5220,2158,97,255,cat_0
5221,1207,550,810,cat_0
5222,3081,751,718,cat_3
5223,2631,590,384,cat_1
5224,7142,316,649,cat_2
5225,8823,659,538,cat_4
5226,1410,866,57,cat_2
5227,7912,669,196,cat_0
5228,2155,560,550,cat_2
5229,1465,822,226,cat_4
5230,2933,965,831,cat_0
5231,2074,504,599,cat_1
5232,261,957,423,cat_0
5233,7936,672,383,cat_2
5234,6667,436,11,cat_3
5235,2668,625,102,cat_0
5236,2155,541,555,cat_4
5237,2499,360,826,cat_1
5238,2342,209,229,cat_4
5239,1343,289,92,cat_3
5240,2576,765,217,cat_1
5241,1815,135,423,cat_1
5242,2344,380,839,cat_4
5243,3929,670,511,cat_3
5244,3244,474,394,cat_4
5245,3503,144,765,cat_0
5246,8697,617,618,cat_4
5247,8834,217,51,cat_2
5248,6606,836,915,cat_3
5249,6597,384,945,cat_0
5250,5997,703,15,cat_1
5251,7209,492,323,cat_1
5252,9287,3,346,cat_1
5253,5514,680,727,cat_2
5254,8455,149,606,cat_2
5255,6273,464,791,cat_3
5256,131,805,516,cat_3
5257,8483,718,528,cat_2
5258,6854,930,846,cat_0
5259,7640,888,421,cat_1
5260,9208,523,802,cat_2
5261,1524,302,259,cat_1
5262,5610,950,312,cat_1
5263,1558,417,993,cat_2
5264,6114,894,456,cat_4
5265,6285,738,202,cat_4
5266,4148,981,449,cat_1
5267,2853,413,716,cat_3
5268,7854,551,365,cat_2
5269,8199,525,513,cat_1
5270,8190,782,471,cat_2
5271,2828,549,543,cat_3
5272,7440,725,652,cat_0
5273,307,141,407,cat_3
5274,9930,504,805,cat_0
5275,4289,870,525,cat_1
5276,2294,777,728,cat_2
5277,698,725,979,cat_1
5278,2614,907,893,cat_4
5279,4787,984,20,cat_4
5280,7181,276,304,cat_0
5281,6388,627,456,cat_3
5282,2365,620,239,cat_0
5283,9578,276,76,cat_3
5284,6004,777,155,cat_0
5285,941,114,972,cat_1
5286,4303,31,575,cat_0
5287,352,648,572,cat_3
5288,9971,104,810,cat_0
5289,8577,434,882,cat_3
5290,4391,154,439,cat_2
5291,7018,557,426,cat_2
5292,8396,704,926,cat_2
5293,1659,698,675,cat_3
5294,6329,912,688,cat_3
5295,3696,305,100,cat_2
5296,7454,380,145,cat_3
5297,9473,390,511,cat_2
5298,1601,871,166,cat_3
5299,9971,618,304,cat_1
5300,5663,371,745,cat_3
5301,7287,590,129,cat_2
5302,6957,120,131,cat_4
5303,4956,737,164,cat_3
5304,9092,870,339,cat_4
5305,7625,988,112,cat_0
5306,4564,881,899,cat_1
5307,2852,808,245,cat_3
5308,1262,101,142,cat_0
5309,9113,687,777,cat_3
5310,3268,777,111,cat_3
5311,7108,11,87,cat_3
5312,5308,101,265,cat_0
5313,123,477,3,cat_1
5314,1528,575,169,cat_4
5315,7576,597,980,cat_2
5316,6679,225,784,cat_1
5317,4883,179,275,cat_0
5318,9622,738,324,cat_0
5319,8515,1,695,cat_0
5320,6160,384,548,cat_1
5321,3508,418,825,cat_4
5322,5513,89,715,cat_3
5323,2895,223,267,cat_0
5324,9105,770,397,cat_0
5325,3582,432,397,cat_3
5326,277,893,101,cat_2
5327,7014,428,272,cat_3
5328,9477,780,58,cat_0
5329,4194,655,549,cat_1
5330,6423,819,764,cat_4
5331,3376,363,999,cat_4
5332,8660,216,778,cat_1
5333,6424,892,113,cat_1
5334,2472,699,538,cat_1
5335,3279,195,69,cat_2
5336,7602,677,785,cat_1
5337,4388,661,480,cat_2
5338,8046,698,82,cat_3
5339,9215,821,693,cat_3
5340,3029,662,769,cat_3
5341,6429,748,814,cat_2
5342,2222,876,163,cat_2
5343,1505,169,873,cat_3
5344,5088,257,486,cat_3
5345,8207,269,947,cat_1
5346,9051,27,248,cat_2
5347,3207,56,130,cat_0
5348,3803,761,991,cat_1
5349,9755,983,807,cat_3
5350,4363,578,407,cat_2
5351,2069,711,170,cat_4
5352,3923,636,562,cat_4
5353,2469,23,375,cat_2
5354,4711,445,238,cat_0
5355,8263,799,152,cat_3
5356,1152,254,559,cat_0
5357,8742,993,356,cat_0
5358,6990,476,244,cat_1
5359,4600,739,699,cat_3
5360,6055,272,781,cat_4
5361,75,502,985,cat_0
5362,6674,86,404,cat_2
5363,6717,618,837,cat_4
5364,5561,114,206,cat_2
5365,5712,95,601,cat_3
5366,9586,245,295,cat_1
5367,8045,474,896,cat_2
5368,4030,604,149,cat_2
5369,8973,45,215,cat_2
5370,6815,759,772,cat_2
5371,6972,224,87,cat_0
5372,2511,922,357,cat_1
5373,6038,553,201,cat_4
5374,4168,948,684,cat_0
5375,7086,219,596,cat_3
5376,6356,669,286,cat_2
5377,1680,790,361,cat_4
5378,3817,932,683,cat_2
5379,7443,450,996,cat_2
5380,6899,179,925,cat_4
5381,8124,762,742,cat_0
5382,4795,786,245,cat_2
5383,1594,974,216,cat_1
5384,3263,51,928,cat_1
5385,1148,277,530,cat_4
5386,9098,292,627,cat_2
5387,3975,420,73,cat_1
5388,1433,186,313,cat_1
5389,7699,529,702,cat_0
5390,9983,724,241,cat_3
5391,9349,891,852,cat_3
5392,4592,818,578,cat_1
5393,5073,922,323,cat_0
5394,7096,778,351,cat_4
5395,7644,415,373,cat_2
5396,4148,878,473,cat_2
5397,9102,453,880,cat_3
5398,5034,25,509,cat_0
5399,2866,265,888,cat_0
5400,9938,970,63,cat_0
5401,7397,139,56,cat_1
5402,8015,775,282,cat_1
5403,5678,847,804,cat_4
5404,74,867,270,cat_2
5405,402,147,919,cat_0
5406,1665,650,382,cat_1
5407,7860,494,898,cat_2
5408,3514,568,919,cat_0
5409,6310,207,359,cat_3
5410,6858,911,646,cat_1
5411,7045,333,293,cat_3
5412,9591,275,442,cat_4
5413,3023,585,370,cat_2
5414,2398,338,179,cat_2
5415,7308,722,389,cat_1
5416,9738,149,731,cat_1
5417,2437,176,317,cat_0
5418,6240,178,880,cat_4
5419,1673,673,461,cat_2
5420,5230,565,110,cat_1
5421,9660,231,906,cat_0
5422,3421,24,644,cat_4
5423,4536,554,5,cat_1
5424,5117,767,421,cat_3
5425,6158,181,44,cat_3
5426,9916,713,908,cat_0
5427,1747,391,841,cat_1
5428,6768,90,719,cat_1
5429,606,406,464,cat_2
5430,8183,433,282,cat_0
5431,4211,269,228,cat_3
5432,8243,954,605,cat_0
5433,1485,70,462,cat_0
5434,9763,425,699,cat_3
5435,9143,356,199,cat_0
5436,3983,594,661,cat_1
5437,9494,381,848,cat_0
5438,695,484,269,cat_2
5439,348,575,330,cat_0
5440,8905,249,232,cat_4
5441,9675,824,529,cat_2
5442,6877,159,680,cat_2
5443,7070,804,642,cat_0
5444,5917,700,694,cat_4
5445,2240,240,186,cat_1
5446,3232,844,193,cat_2
5447,1722,260,38,cat_0
5448,3278,336,725,cat_3
5449,9929,327,97,cat_1
5450,4632,409,379,cat_2
5451,3789,469,221,cat_0
5452,5950,895,70,cat_3
5453,296,797,185,cat_2
5454,9068,119,281,cat_4
5455,1488,209,406,cat_0
5456,445,868,203,cat_2
5457,6696,689,880,cat_3
5458,2574,757,589,cat_3
5459,9413,108,236,cat_1
5460,7890,737,234,cat_4
5461,401,793,1000,cat_0
5462,7515,849,399,cat_3
5463,9412,927,51,cat_3
5464,2651,799,108,cat_1
5465,7006,507,342,cat_3
5466,9852,141,994,cat_3
5467,9698,511,737,cat_4
5468,2259,690,99,cat_4
5469,9666,229,23,cat_1
5470,8126,130,728,cat_1
5471,8315,515,442,cat_4
5472,9893,994,94,cat_3
5473,3807,310,722,cat_1
5474,1458,248,392,cat_3
5475,5305,32,986,cat_0
5476,2619,326,190,cat_4
5477,6313,733,193,cat_1
5478,5796,215,719,cat_0
5479,7605,308,447,cat_1
5480,27,13,622,cat_4
5481,3826,407,955,cat_2
5482,406,243,197,cat_1
5483,6287,52,333,cat_1
5484,5497,137,749,cat_0
5485,4858,214,749,cat_0
5486,4158,245,367,cat_1
5487,6107,93,666,cat_2
5488,1977,418,977,cat_4
5489,6190,256,840,cat_3
5490,360,232,997,cat_2
5491,6244,807,516,cat_2
5492,3658,66,961,cat_3
5493,7081,718,906,cat_3
5494,872,595,870,cat_3
5495,5491,867,248,cat_3
5496,4459,739,21,cat_1
5497,2152,474,878,cat_2
5498,43,359,576,cat_0
5499,819,482,974,cat_4
5500,8527,826,97,cat_3
5501,1455,50,514,cat_2
5502,5539,59,51,cat_1
5503,5555,819,692,cat_1
5504,9658,740,894,cat_3
5505,7293,267,249,cat_2
5506,6689,279,512,cat_4
5507,1642,489,103,cat_4
5508,614,284,33,cat_2
5509,8165,137,401,cat_2
5510,7371,325,503,cat_4
5511,690,669,669,cat_4
5512,8470,793,376,cat_0
5513,6506,777,466,cat_4
5514,682,791,939,cat_4
5515,7647,44,645,cat_3
5516,2834,620,137,cat_3
5517,9897,235,742,cat_2
5518,4441,776,834,cat_2
5519,4302,66,641,cat_2
5520,5433,313,381,cat_3
5521,6565,399,801,cat_1
5522,4089,148,940,cat_3
5523,3092,2,350,cat_4
5524,2065,426,728,cat_3
5525,4046,280,844,cat_2
5526,3906,140,329,cat_1
5527,477,277,519,cat_0
5528,9138,462,802,cat_2
5529,7692,657,988,cat_4
5530,7443,536,568,cat_1
5531,1133,297,73,cat_3
5532,2664,794,541,cat_0
5533,3397,238,590,cat_1
5534,398,419,148,cat_0
5535,3344,811,452,cat_3
5536,7792,352,913,cat_2
5537,6548,367,603,cat_3
5538,8386,501,751,cat_4
5539,7331,523,866,cat_4
5540,9785,202,55,cat_3
5541,6486,847,613,cat_2
5542,2517,480,691,cat_3
5543,4077,246,584,cat_4
5544,3840,404,556,cat_4
5545,8615,137,270,cat_3
5546,3721,566,648,cat_4
5547,7680,397,581,cat_1
5548,8406,652,391,cat_2
5549,3217,236,124,cat_2
5550,5101,507,721,cat_2
5551,499,80,249,cat_0
5552,1253,94,232,cat_0
5553,2449,350,376,cat_2
5554,7170,175,91,cat_4
5555,9747,522,611,cat_3
5556,8002,467,456,cat_1
5557,8472,283,28,cat_1
5558,51,259,388,cat_1
5559,7633,611,100,cat_3
5560,5785,677,660,cat_4
5561,1765,580,697,cat_1
5562,9166,575,454,cat_3
5563,6493,434,844,cat_3
5564,9743,981,662,cat_1
5565,1022,714,842,cat_1
5566,4172,390,24,cat_1
5567,7225,198,65,cat_2
5568,5105,351,850,cat_0
5569,5971,440,384,cat_1
5570,3103,857,591,cat_3
5571,4739,555,106,cat_3
5572,1137,911,37,cat_3
5573,32,65,485,cat_0
5574,2054,27,169,cat_2
5575,3112,161,530,cat_1
5576,7595,882,438,cat_0
5577,3334,684,260,cat_1
5578,4100,682,334,cat_0
5579,1117,558,881,cat_4
5580,5549,872,562,cat_0
5581,4280,722,431,cat_0
5582,3972,222,837,cat_0
5583,2781,737,303,cat_0
5584,3152,975,904,cat_0
5585,4592,427,892,cat_0
5586,686,175,216,cat_3
5587,7916,467,638,cat_0
5588,987,299,913,cat_0
5589,5906,974,395,cat_2
5590,6924,94,275,cat_3
5591,8432,871,530,cat_0
5592,9954,663,334,cat_3
5593,1129,179,811,cat_1
5594,5608,849,96,cat_2
5595,3110,8,30,cat_4
5596,1309,968,916,cat_0
5597,5895,997,265,cat_4
5598,1611,865,36,cat_1
5599,2189,69,212,cat_3
5600,1115,783,938,cat_4
5601,6261,453,980,cat_1
5602,6893,272,72,cat_3
5603,136,983,810,cat_0
5604,5057,562,476,cat_2
5605,1171,991,995,cat_4
5606,7421,676,671,cat_1
5607,4366,32,929,cat_4
5608,2776,596,380,cat_3
5609,1957,319,14,cat_3
5610,5696,230,883,cat_4
5611,9088,436,984,cat_4
5612,3579,598,766,cat_4
5613,5237,388,20,cat_2
5614,6473,267,344,cat_3
5615,6772,310,764,cat_1
5616,9540,990,881,cat_3
5617,7245,630,358,cat_4
5618,1439,6,385,cat_2
5619,1053,511,133,cat_2
5620,1205,295,991,cat_1
5621,9360,504,837,cat_2
5622,913,648,660,cat_3
5623,6679,937,878,cat_3
5624,2240,658,437,cat_4
5625,7041,57,279,cat_2
5626,8009,288,394,cat_2
5627,3618,702,628,cat_0
5628,483,365,923,cat_4
5629,5202,150,951,cat_0
5630,9701,567,16,cat_4
5631,5422,281,20,cat_0
5632,8824,691,868,cat_3
5633,4454,798,727,cat_4
5634,7416,695,495,cat_3
5635,361,804,184,cat_0
5636,5993,392,591,cat_4
5637,1282,328,981,cat_2
5638,3821,963,795,cat_2
5639,5805,655,789,cat_4
5640,6610,470,46,cat_3
5641,2269,76,589,cat_0
5642,8898,32,971,cat_2
5643,1175,506,101,cat_4
5644,9303,806,223,cat_4
5645,8813,77,982,cat_3
5646,1604,370,163,cat_2
5647,952,888,586,cat_0
5648,9144,194,964,cat_0
5649,1223,945,306,cat_1
5650,7543,141,477,cat_0
5651,3496,667,928,cat_3
5652,2798,587,98,cat_2
5653,6692,963,780,cat_1
5654,6394,173,604,cat_3
5655,4403,190,767,cat_0
5656,150,564,574,cat_4
5657,4986,12,790,cat_3
5658,833,668,290,cat_0
5659,2104,880,376,cat_0
5660,871,179,30,cat_3
5661,8944,739,910,cat_3
5662,4475,8,357,cat_4
5663,5815,387,384,cat_2
5664,125,252,713,cat_4
5665,6189,620,309,cat_1
5666,6083,833,650,cat_0
5667,9519,787,948,cat_3
5668,4191,388,593,cat_3
5669,3070,601,223,cat_4
5670,3375,193,973,cat_4
5671,9436,152,73,cat_2
5672,2535,130,222,cat_3
5673,4802,492,21,cat_3
5674,4604,231,275,cat_0
5675,7769,247,666,cat_4
5676,4876,822,750,cat_2
5677,3673,5,352,cat_1
5678,1400,285,586,cat_2
5679,3555,843,188,cat_3
5680,3972,748,416,cat_3
5681,8243,753,534,cat_4
5682,6447,142,601,cat_0
5683,6940,586,949,cat_1
5684,9106,316,969,cat_0
5685,703,448,428,cat_1
5686,4966,351,727,cat_2
5687,4662,580,625,cat_1
5688,8818,912,347,cat_0
5689,6573,16,380,cat_2
5690,1072,911,159,cat_3
5691,3337,116,783,cat_2
5692,1197,906,812,cat_0
5693,3468,896,975,cat_0
5694,9181,444,345,cat_3
5695,8596,299,786,cat_4
5696,686,626,576,cat_2
5697,6909,271,518,cat_0
5698,9335,235,238,cat_4
5699,959,347,569,cat_3
5700,7724,339,519,cat_4
5701,8412,522,510,cat_3
5702,5031,469,840,cat_1
5703,9580,447,978,cat_4
5704,1468,357,390,cat_0
5705,6124,935,896,cat_3
5706,3807,95,647,cat_1
5707,2731,421,95,cat_1
5708,8796,861,654,cat_1
5709,8028,21,16,cat_0
5710,2610,184,43,cat_3
5711,3435,781,875,cat_2
5712,4573,827,301,cat_1
5713,8775,241,754,cat_3
5714,171,464,253,cat_2
5715,7151,397,986,cat_4
5716,4407,850,735,cat_3
5717,5185,288,603,cat_4
5718,7079,536,310,cat_2
5719,2364,498,268,cat_1
5720,5960,579,420,cat_1
5721,2545,752,135,cat_2
5722,3992,209,367,cat_3
5723,6592,921,290,cat_4
5724,121,591,879,cat_1
5725,3455,648,156,cat_3
5726,2278,537,813,cat_2
5727,5010,356,549,cat_1
5728,3823,892,491,cat_2
5729,7497,673,438,cat_1
5730,3057,606,567,cat_0
5731,197,730,274,cat_4
5732,5717,856,973,cat_3
5733,3038,140,338,cat_3
5734,6739,422,236,cat_1
5735,2436,893,11,cat_1
5736,1420,524,533,cat_0
5737,2110,675,131,cat_0
5738,1205,417,176,cat_1
5739,2014,696,576,cat_4
5740,6831,275,30,cat_4
5741,2839,111,330,cat_4
5742,9919,451,420,cat_0
5743,3653,225,309,cat_4
5744,4113,164,296,cat_2
5745,8470,376,71,cat_4
5746,1353,970,402,cat_4
5747,8172,573,222,cat_0
5748,2456,255,180,cat_0
5749,2976,728,464,cat_4
5750,6651,615,997,cat_1
5751,9369,69,122,cat_3
5752,6225,597,922,cat_2
5753,9452,735,530,cat_0
5754,7290,619,590,cat_4
5755,9632,655,305,cat_0
5756,264,969,705,cat_1
5757,8144,362,746,cat_2
5758,2853,933,228,cat_4
5759,5856,572,609,cat_3
5760,8314,699,329,cat_0
5761,84,428,721,cat_3
5762,7184,753,820,cat_3
5763,9539,264,26,cat_4
5764,5794,770,596,cat_4
5765,325,958,487,cat_1
5766,8687,623,133,cat_2
5767,5988,173,759,cat_1
5768,3338,644,432,cat_0
5769,9522,810,254,cat_2
5770,9915,917,880,cat_3
5771,8078,190,975,cat_2
5772,4391,75,682,cat_1
5773,1845,726,259,cat_4
5774,9610,635,588,cat_0
5775,8816,175,400,cat_2
5776,1187,763,574,cat_4
5777,6551,528,379,cat_1
5778,1294,68,812,cat_4
5779,4165,76,296,cat_0
5780,4640,461,345,cat_2
5781,4078,533,835,cat_2
5782,8313,826,507,cat_3
5783,5706,600,199,cat_0
5784,1506,28,638,cat_0
5785,4088,424,353,cat_2
5786,7431,381,392,cat_1
5787,6185,68,255,cat_2
5788,2573,575,977,cat_2
5789,8271,871,132,cat_2
5790,9791,952,910,cat_1
5791,2059,280,48,cat_3
5792,4270,942,460,cat_4
5793,3669,441,866,cat_3
5794,8165,76,721,cat_4
5795,5852,663,270,cat_2
5796,3611,501,81,cat_0
5797,1025,70,677,cat_0
5798,4532,774,69,cat_2
5799,231,657,397,cat_1
5800,2024,198,750,cat_0
5801,1145,322,131,cat_0
5802,5473,258,798,cat_3
5803,6889,967,787,cat_0
5804,6660,951,271,cat_2
5805,4584,865,175,cat_1
5806,8922,370,364,cat_4
5807,7451,354,256,cat_2
5808,6705,248,742,cat_4
5809,2456,269,86,cat_0
5810,3334,886,197,cat_3
5811,7102,232,748,cat_1
5812,4601,193,95,cat_3
5813,6849,585,907,cat_4
5814,1388,786,803,cat_4
5815,2291,733,622,cat_1
5816,9915,589,711,cat_3
5817,7325,885,404,cat_0
5818,6027,588,826,cat_4
5819,2043,15,391,cat_1
5820,8183,64,674,cat_1
5821,442,921,606,cat_1
5822,101,512,287,cat_2
5823,637,224,105,cat_4
5824,9209,626,562,cat_3
5825,5409,651,39,cat_0
5826,2544,815,987,cat_2
5827,7081,221,787,cat_4
5828,5065,229,330,cat_1
5829,9004,826,313,cat_3
5830,697,758,770,cat_4
5831,7579,640,681,cat_0
5832,2012,261,761,cat_4
5833,1783,553,64,cat_0
5834,8985,424,393,cat_1
5835,9594,28,396,cat_2
5836,1019,428,313,cat_3
5837,3050,881,359,cat_2
5838,598,996,721,cat_0
5839,8556,698,925,cat_4
5840,4949,676,897,cat_0
5841,4253,756,236,cat_2
5842,3828,584,175,cat_2
5843,940,498,922,cat_2
5844,1496,171,497,cat_1
5845,2744,981,960,cat_1
5846,2924,713,856,cat_0
5847,1494,317,58,cat_2
5848,7249,201,411,cat_4
5849,6594,327,833,cat_3
5850,1025,674,681,cat_0
5851,977,987,914,cat_1
5852,2583,592,519,cat_3
5853,2603,119,952,cat_4
5854,1991,216,238,cat_1
5855,7786,987,708,cat_2
5856,9419,855,67,cat_4
5857,6423,754,235,cat_1
5858,703,578,172,cat_1
5859,6440,464,259,cat_4
5860,8188,840,692,cat_0
5861,2262,226,14,cat_0
5862,7304,204,682,cat_3
5863,5850,651,395,cat_0
5864,8418,507,297,cat_2
5865,9995,57,419,cat_2
5866,9001,921,846,cat_1
5867,4287,913,215,cat_2
5868,3297,20,101,cat_2
5869,6046,703,401,cat_0
5870,3575,463,171,cat_0
5871,6235,705,531,cat_3
5872,3394,73,891,cat_2
5873,9535,343,196,cat_4
5874,1709,270,790,cat_4
5875,9713,782,734,cat_2
5876,9752,650,665,cat_2
5877,1648,507,898,cat_4
5878,7233,626,16,cat_3
5879,5424,823,164,cat_0
5880,4396,699,783,cat_0
5881,1820,825,973,cat_0
5882,1800,93,590,cat_1
5883,9327,647,434,cat_1
5884,691,520,147,cat_3
5885,4782,979,802,cat_2
5886,3553,530,908,cat_1
5887,4150,891,243,cat_2
5888,6822,674,153,cat_4
5889,410,588,772,cat_0
5890,741,165,339,cat_0
5891,4854,572,582,cat_3
5892,1263,972,548,cat_2
5893,9169,745,249,cat_4
5894,9132,570,267,cat_4
5895,9912,544,546,cat_0
5896,545,79,228,cat_3
5897,2312,959,471,cat_0
5898,9825,127,715,cat_0
5899,1939,77,891,cat_0
5900,8088,37,879,cat_4
5901,5188,117,479,cat_1
5902,6150,617,349,cat_2
5903,5466,235,757,cat_4
5904,8422,668,799,cat_3
5905,9352,756,53,cat_0
5906,8205,562,591,cat_2
5907,5065,987,178,cat_2
5908,7528,654,73,cat_4
5909,7306,834,367,cat_0
5910,9399,920,752,cat_4
5911,2136,958,440,cat_0
5912,2115,142,470,cat_3
5913,3824,313,551,cat_3
5914,5714,674,994,cat_4
5915,6207,96,355,cat_0
5916,8753,374,883,cat_1
5917,8254,785,367,cat_3
5918,2065,408,425,cat_0
5919,6620,825,34,cat_4
5920,1189,536,807,cat_0
5921,513,513,103,cat_1
5922,2018,253,642,cat_0
5923,4285,156,27,cat_4
5924,1741,862,432,cat_0
5925,7852,435,29,cat_4
5926,8974,41,772,cat_2
5927,5658,971,809,cat_3
5928,7911,243,300,cat_2
5929,8189,351,935,cat_1
5930,3504,860,276,cat_1
5931,2322,459,877,cat_3
5932,4609,778,350,cat_4
5933,6163,546,663,cat_1
5934,3088,821,607,cat_2
5935,7427,70,859,cat_1
5936,4389,993,65,cat_3
5937,4198,427,601,cat_4
5938,9048,532,73,cat_4
5939,4955,709,764,cat_3
5940,3176,546,679,cat_0
5941,7104,13,638,cat_2
5942,2415,983,419,cat_3
5943,3440,868,773,cat_0
5944,1790,91,26,cat_3
5945,4591,198,84,cat_0
5946,4405,495,700,cat_2
5947,2773,254,142,cat_2
5948,5513,258,522,cat_2
5949,7147,785,154,cat_0
5950,6721,610,397,cat_3
5951,3268,7,359,cat_4
5952,2099,250,871,cat_4
5953,2141,915,804,cat_2
5954,7556,532,920,cat_1
5955,8016,148,193,cat_3
5956,2003,259,219,cat_0
5957,7883,905,568,cat_2
5958,5886,870,706,cat_3
5959,3266,431,691,cat_1
5960,8420,781,619,cat_1
5961,8603,953,68,cat_2
5962,1513,369,857,cat_3
5963,5820,149,277,cat_3
5964,1560,306,561,cat_2
5965,9072,809,229,cat_1
5966,8589,784,488,cat_4
5967,1983,569,402,cat_4
5968,2075,143,155,cat_2
5969,3450,698,3,cat_2
5970,7204,895,707,cat_2
5971,6258,372,909,cat_1
5972,3727,973,976,cat_2
5973,6800,628,667,cat_0
5974,7639,330,510,cat_3
5975,9141,693,596,cat_3
5976,4893,260,973,cat_0
5977,6565,776,659,cat_0
5978,1759,493,663,cat_0
5979,2172,526,549,cat_3
5980,6139,247,230,cat_1
5981,9251,490,4,cat_4
5982,4884,202,233,cat_0
5983,9625,103,421,cat_1
5984,6844,936,271,cat_3
5985,3795,50,397,cat_3
5986,487,704,337,cat_4
5987,4637,187,258,cat_4
5988,1980,580,235,cat_3
5989,720,500,74,cat_2
5990,2481,542,718,cat_1
5991,406,47,922,cat_4
5992,3123,537,795,cat_1
5993,7020,415,982,cat_2
5994,9376,388,372,cat_2
5995,4154,974,192,cat_2
5996,9478,866,124,cat_0
5997,9376,869,342,cat_1
5998,8630,679,5,cat_2
5999,637,884,877,cat_2
6000,4142,712,254,cat_3
6001,4163,823,725,cat_3
6002,3267,158,204,cat_1
6003,3358,22,435,cat_3
6004,2797,128,511,cat_4
6005,7628,997,238,cat_1
6006,6165,59,488,cat_3
6007,9384,529,87,cat_0
6008,1414,979,905,cat_0
6009,6750,48,712,cat_3
6010,828,904,426,cat_4
6011,484,688,857,cat_3
6012,5626,780,468,cat_4
6013,9409,215,300,cat_1
6014,9223,735,306,cat_0
6015,3402,879,624,cat_2
6016,6119,931,559,cat_1
6017,7640,92,632,cat_4
6018,1201,177,314,cat_0
6019,5907,518,352,cat_3
6020,3979,742,379,cat_2
6021,5736,853,409,cat_0
6022,6933,973,578,cat_4
6023,8983,237,448,cat_3
6024,4819,418,724,cat_4
6025,7438,201,316,cat_2
6026,5523,788,256,cat_4
6027,4685,244,411,cat_4
6028,1278,549,436,cat_2
6029,9205,649,641,cat_3
6030,2399,50,645,cat_4
6031,6257,11,765,cat_0
6032,2184,592,249,cat_2
6033,814,823,198,cat_0
6034,4810,614,344,cat_2
6035,1021,669,333,cat_4
6036,9660,42,955,cat_0
6037,7852,776,730,cat_0
6038,2736,712,370,cat_3
6039,7967,826,464,cat_1
6040,4772,108,943,cat_3
6041,9237,245,660,cat_2
6042,1661,722,592,cat_3
6043,3581,47,707,cat_4
6044,5922,862,158,cat_3
6045,6061,331,231,cat_1
6046,4662,838,130,cat_0
6047,914,371,166,cat_0
6048,3931,253,638,cat_4
6049,4940,525,256,cat_2
6050,4333,957,268,cat_2
6051,8753,444,250,cat_3
6052,1600,392,579,cat_3
6053,8618,744,293,cat_2
6054,6231,8,185,cat_4
6055,2149,717,958,cat_2
6056,7469,796,69,cat_2
6057,4098,825,42,cat_4
6058,9621,60,250,cat_3
6059,729,331,657,cat_0
6060,8775,963,557,cat_2
6061,4238,702,762,cat_1
6062,5432,612,554,cat_0
6063,7228,303,873,cat_4
6064,4764,199,941,cat_2
6065,7552,710,151,cat_3
6066,3660,247,831,cat_2
6067,3948,230,499,cat_4
6068,86,612,336,cat_4
6069,8791,702,959,cat_1
6070,2338,607,130,cat_3
6071,9679,514,857,cat_1
6072,6016,54,518,cat_3
6073,7206,279,776,cat_4
6074,8422,459,899,cat_0
6075,2569,342,614,cat_4
6076,5848,567,308,cat_0
6077,5806,613,806,cat_4
6078,3947,807,106,cat_2
6079,8087,850,527,cat_1
6080,5045,352,957,cat_3
6081,963,48,367,cat_2
6082,293,333,686,cat_2
6083,3046,418,961,cat_0
6084,5633,793,972,cat_0
6085,5297,798,628,cat_2
6086,3194,932,505,cat_1
6087,6142,805,825,cat_2
6088,9348,526,226,cat_4
6089,5272,384,215,cat_4
6090,6865,32,128,cat_2
6091,8231,174,34,cat_0
6092,270,224,912,cat_3
6093,9866,490,768,cat_3
6094,7292,857,688,cat_0
6095,4748,251,477,cat_0
6096,2206,278,681,cat_0
6097,4348,998,798,cat_2
6098,9851,742,109,cat_3
6099,9944,576,238,cat_1
6100,4,88,769,cat_0
6101,8698,187,833,cat_1
6102,3803,148,83,cat_0
6103,2862,993,415,cat_4
6104,2870,635,296,cat_1
6105,6001,804,337,cat_1
6106,3238,575,31,cat_4
6107,6159,227,841,cat_2
6108,9992,283,378,cat_0
6109,9011,788,10,cat_3
6110,9761,715,125,cat_0
6111,100,143,450,cat_4
6112,2000,938,930,cat_1
6113,1985,521,227,cat_4
6114,7049,47,880,cat_3
6115,5538,999,258,cat_4
6116,3699,29,22,cat_3
6117,3148,482,761,cat_3
6118,4669,653,518,cat_0
6119,584,327,408,cat_1
6120,9424,824,645,cat_2
6121,8926,448,141,cat_4
6122,2217,947,714,cat_0
6123,2273,574,784,cat_2
6124,3915,635,328,cat_4
6125,7300,709,34,cat_4
6126,5725,617,884,cat_2
6127,7662,680,898,cat_1
6128,3419,110,827,cat_4
6129,4766,397,366,cat_1
6130,8105,309,699,cat_0
6131,478,133,204,cat_3
6132,139,480,711,cat_0
6133,7710,571,6,cat_0
6134,3169,87,642,cat_1
6135,334,143,951,cat_2
6136,2465,912,191,cat_1
6137,30,953,517,cat_0
6138,6696,478,133,cat_4
6139,969,799,690,cat_3
6140,9136,658,691,cat_2
6141,6857,770,918,cat_0
6142,613,573,463,cat_2
6143,7332,135,916,cat_1
6144,6261,363,253,cat_4
6145,7307,176,534,cat_3
6146,4252,691,109,cat_2
6147,7947,794,25,cat_1
6148,2761,781,639,cat_3
6149,9077,285,368,cat_4
6150,2766,564,349,cat_1
6151,406,909,712,cat_0
6152,1842,977,569,cat_2
6153,6473,217,893,cat_1
6154,1331,215,776,cat_2
6155,3150,94,762,cat_4
6156,8048,96,972,cat_2
6157,4795,595,627,cat_0
6158,5164,181,495,cat_1
6159,7717,403,875,cat_1
6160,8577,924,719,cat_3
6161,4458,571,505,cat_1
6162,4061,347,732,cat_1
6163,7715,761,304,cat_3
6164,2795,75,627,cat_1
6165,4442,151,312,cat_3
6166,5184,999,87,cat_2
6167,3892,901,171,cat_4
6168,2258,788,84,cat_2
6169,5613,337,818,cat_0
6170,9024,993,309,cat_2
6171,3213,381,826,cat_1
6172,7348,19,248,cat_3
6173,4585,6,303,cat_1
6174,7747,557,168,cat_0
6175,854,588,16,cat_2
6176,4380,123,34,cat_1
6177,2395,523,362,cat_0
6178,1663,75,712,cat_3
6179,9426,58,208,cat_3
6180,6305,971,252,cat_0
6181,3059,763,397,cat_3
6182,2463,694,172,cat_3
6183,8307,587,599,cat_2
6184,986,740,331,cat_3
6185,759,185,617,cat_2
6186,8559,454,869,cat_3
6187,6694,477,39,cat_0
6188,980,769,699,cat_2
6189,6461,525,243,cat_0
6190,3762,74,506,cat_0
6191,9339,424,912,cat_4
6192,566,485,546,cat_4
6193,2158,834,818,cat_4
6194,2694,294,997,cat_1
6195,4107,222,728,cat_0
6196,6304,215,57,cat_1
6197,1494,593,764,cat_1
6198,2748,750,828,cat_4
6199,1118,750,779,cat_3
6200,2437,468,356,cat_3
6201,2527,730,668,cat_4
6202,5438,527,786,cat_4
6203,4129,797,530,cat_1
6204,7138,320,119,cat_1
6205,3462,271,633,cat_2
6206,1940,586,36,cat_4
6207,3715,178,258,cat_0
6208,6789,763,272,cat_4
6209,9702,145,577,cat_1
6210,7012,66,67,cat_3
6211,6724,472,353,cat_0
6212,2460,529,244,cat_0
6213,1650,561,724,cat_0
6214,5914,180,888,cat_1
6215,5250,871,181,cat_1
6216,5404,271,841,cat_0
6217,9576,45,475,cat_1
6218,8187,19,174,cat_0
6219,228,954,879,cat_2
6220,6474,353,786,cat_0
6221,168,413,683,cat_4
6222,4927,909,509,cat_2
6223,8618,622,809,cat_0
6224,6904,7,648,cat_2
6225,5033,611,366,cat_0
6226,6764,246,455,cat_0
6227,4054,820,650,cat_0
6228,1234,314,238,cat_3
6229,7593,907,168,cat_1
6230,6382,249,609,cat_3
6231,7546,940,793,cat_1
6232,725,260,270,cat_2
6233,8680,170,190,cat_0
6234,5012,112,729,cat_0
6235,5539,26,815,cat_2
6236,4432,631,639,cat_1
6237,3788,990,764,cat_2
6238,9965,561,639,cat_1
6239,2157,688,967,cat_2
6240,2234,15,896,cat_1
6241,6500,968,523,cat_1
6242,4680,457,550,cat_2
6243,9257,650,815,cat_2
6244,3970,506,91,cat_3
6245,5292,415,330,cat_0
6246,1788,922,777,cat_0
6247,2867,253,614,cat_4
6248,7705,407,718,cat_0
6249,7838,188,720,cat_3
6250,8586,510,473,cat_2
6251,498,837,898,cat_1
6252,2585,332,216,cat_2
6253,5869,892,733,cat_0
6254,5541,960,450,cat_3
6255,7833,61,824,cat_3
6256,5503,12,555,cat_2
6257,5270,917,953,cat_1
6258,8771,972,916,cat_1
6259,3402,969,325,cat_4
6260,4744,587,577,cat_4
6261,4237,849,91,cat_4
6262,2955,714,495,cat_4
6263,6652,392,574,cat_0
6264,1547,454,255,cat_4
6265,2414,405,631,cat_0
6266,9922,545,801,cat_3
6267,7222,589,995,cat_1
6268,9507,984,51,cat_2
6269,2984,10,548,cat_4
6270,5105,48,263,cat_3
6271,3395,993,137,cat_1
6272,9762,112,133,cat_4
6273,2880,810,389,cat_3
6274,2132,764,879,cat_1
6275,2311,290,913,cat_0
6276,8047,944,875,cat_1
6277,3940,905,244,cat_2
6278,6910,45,336,cat_4
6279,3069,418,765,cat_0
6280,893,271,210,cat_3
6281,8536,903,864,cat_2
6282,5508,699,913,cat_4
6283,7835,914,81,cat_0
6284,6410,674,487,cat_0
6285,5664,536,435,cat_3
6286,3584,454,26,cat_4
6287,567,362,790,cat_3
6288,6312,751,879,cat_0
6289,3157,676,441,cat_3
6290,8901,313,836,cat_1
6291,2641,390,24,cat_2
6292,6837,487,30,cat_0
6293,8981,438,398,cat_2
6294,3455,283,987,cat_3
6295,5692,168,23,cat_1
6296,7141,866,989,cat_4
6297,8254,577,396,cat_3
6298,2341,759,826,cat_3
6299,6879,127,851,cat_2
6300,3740,961,688,cat_4
6301,120,722,286,cat_1
6302,803,585,929,cat_3
6303,9808,273,512,cat_4
6304,3517,392,847,cat_0
6305,1329,381,601,cat_2
6306,8358,488,138,cat_1
6307,8685,360,513,cat_3
6308,899,510,201,cat_0
6309,4724,473,241,cat_1
6310,9424,495,909,cat_4
6311,4865,632,976,cat_3
6312,6316,677,804,cat_4
6313,7630,718,533,cat_0
6314,9837,289,374,cat_2
6315,8740,496,397,cat_1
6316,933,273,121,cat_3
6317,2759,29,330,cat_3
6318,8280,332,748,cat_0
6319,6986,127,98,cat_4
6320,42,682,149,cat_4
6321,5663,691,764,cat_0
6322,7902,111,59,cat_4
6323,779,965,842,cat_2
6324,2837,793,191,cat_3
6325,5343,126,533,cat_4
6326,9472,704,854,cat_1
6327,9691,282,62,cat_3
6328,3994,250,992,cat_2
6329,8620,95,793,cat_0
6330,4466,838,584,cat_4
6331,6801,588,200,cat_4
6332,734,564,827,cat_3
6333,89,354,275,cat_3
6334,3224,408,338,cat_0
6335,7745,969,830,cat_0
6336,3811,178,220,cat_4
6337,9626,583,661,cat_3
6338,9385,988,214,cat_3
6339,9678,672,331,cat_0
6340,4584,637,198,cat_3
6341,8750,389,568,cat_4
6342,4055,572,75,cat_0
6343,3444,400,599,cat_0
6344,28,362,743,cat_3
6345,6694,104,364,cat_0
6346,2613,242,753,cat_4
6347,5649,493,471,cat_4
6348,3585,862,635,cat_4
6349,8036,531,463,cat_1
6350,8905,582,854,cat_1
6351,219,77,696,cat_4
6352,9329,529,24,cat_0
6353,942,125,638,cat_1
6354,7354,760,19,cat_3
6355,1843,519,929,cat_1
6356,9108,270,212,cat_1
6357,906,214,413,cat_0
6358,9537,836,956,cat_4
6359,7244,834,873,cat_1
6360,6059,470,916,cat_4
6361,292,165,742,cat_4
6362,8592,600,635,cat_0
6363,903,654,372,cat_4
6364,752,964,180,cat_1
6365,5038,825,740,cat_0
6366,3479,896,448,cat_4
6367,2245,416,575,cat_0
6368,8166,434,984,cat_0
6369,5398,698,697,cat_4
6370,9473,94,673,cat_3
6371,6213,938,764,cat_3
6372,306,383,865,cat_2
6373,1278,974,645,cat_1
6374,9075,392,796,cat_1
6375,1784,64,233,cat_1
6376,9786,286,382,cat_2
6377,1523,98,122,cat_3
6378,5598,982,240,cat_1
6379,5143,854,801,cat_0
6380,5937,418,446,cat_0
6381,176,273,263,cat_3
6382,8976,808,717,cat_0
6383,8694,805,902,cat_0
6384,9151,980,674,cat_0
6385,1985,203,536,cat_4
6386,3160,436,205,cat_0
6387,8800,38,421,cat_4
6388,8513,252,365,cat_0
6389,815,743,491,cat_1
6390,1902,765,234,cat_4
6391,1328,294,660,cat_3
6392,4112,563,358,cat_3
6393,2199,220,950,cat_1
6394,3725,503,587,cat_0
6395,3707,962,952,cat_4
6396,4815,97,668,cat_1
6397,4184,998,584,cat_4
6398,1121,768,528,cat_4
6399,2574,901,563,cat_1
6400,1606,869,368,cat_3
6401,8291,327,74,cat_4
6402,4908,496,643,cat_3
6403,6858,483,975,cat_3
6404,4184,828,342,cat_4
6405,5763,16,360,cat_3
6406,6929,100,728,cat_3
6407,7598,688,644,cat_3
6408,7306,673,171,cat_3
6409,5111,796,517,cat_0
6410,2542,61,808,cat_0
6411,3477,914,133,cat_1
6412,4215,855,79,cat_3
6413,5429,962,757,cat_4
6414,463,273,476,cat_0
6415,8552,451,410,cat_1
6416,3291,742,861,cat_0
6417,6633,645,690,cat_1
6418,8967,622,613,cat_4
6419,4116,675,884,cat_4
6420,8332,435,973,cat_0
6421,7243,927,543,cat_3
6422,3648,23,962,cat_4
6423,7762,67,339,cat_2
6424,8339,750,584,cat_4
6425,4378,623,859,cat_1
6426,6879,412,821,cat_0
6427,6654,886,659,cat_4
6428,3157,551,358,cat_4
6429,4418,291,52,cat_0
6430,5510,743,787,cat_1
6431,8185,558,704,cat_3
6432,3023,247,251,cat_4
6433,9450,156,371,cat_3
6434,2220,796,860,cat_3
6435,9452,509,651,cat_3
6436,6542,104,900,cat_4
6437,5466,573,110,cat_4
6438,5706,44,797,cat_2
6439,6277,30,521,cat_1
6440,5581,724,676,cat_4
6441,4243,26,945,cat_0
6442,3388,456,491,cat_1
6443,1664,136,426,cat_2
6444,8142,367,267,cat_0
6445,9161,757,336,cat_1
6446,6755,916,461,cat_3
6447,916,546,999,cat_2
6448,8219,428,775,cat_4
6449,4383,326,237,cat_1
6450,8455,679,755,cat_1
6451,117,212,490,cat_0
6452,8947,937,828,cat_0
6453,5166,119,854,cat_2
6454,215,464,358,cat_4
6455,2532,608,188,cat_1
6456,8540,540,912,cat_3
6457,9846,823,87,cat_3
6458,7842,219,572,cat_4
6459,6434,801,939,cat_4
6460,6559,205,281,cat_1
6461,390,10,809,cat_0
6462,9454,231,717,cat_2
6463,7793,586,376,cat_4
6464,8895,782,82,cat_0
6465,1880,849,928,cat_0
6466,3367,957,888,cat_2
6467,9149,831,86,cat_2
6468,5263,622,210,cat_0
6469,7262,364,685,cat_2
6470,889,475,487,cat_2
6471,6519,498,966,cat_0
6472,6331,28,315,cat_2
6473,9829,260,391,cat_2
6474,3598,383,568,cat_0
6475,2145,709,199,cat_0
6476,9869,863,158,cat_2
6477,3320,56,201,cat_3
6478,9233,864,838,cat_3
6479,9926,820,392,cat_4
6480,8591,804,482,cat_2
6481,1834,397,118,cat_4
6482,5975,68,883,cat_1
6483,2653,694,124,cat_4
6484,5608,162,501,cat_1
6485,9994,481,197,cat_1
6486,1032,584,307,cat_2
6487,2457,45,145,cat_4
6488,9569,425,290,cat_4
6489,1742,472,81,cat_2
6490,8960,359,553,cat_2
6491,8189,7,71,cat_3
6492,922,998,626,cat_4
6493,1888,95,390,cat_1
6494,487,482,22,cat_3
6495,113,632,363,cat_4
6496,6330,507,224,cat_4
6497,6018,753,197,cat_3
6498,8622,189,464,cat_4
6499,1108,467,3,cat_2
6500,2779,143,408,cat_1
6501,3664,605,801,cat_1
6502,4942,265,595,cat_2
6503,583,108,968,cat_1
6504,7325,891,937,cat_2
6505,7052,255,30,cat_4
6506,1384,596,389,cat_3
6507,3660,251,778,cat_2
6508,453,492,246,cat_2
6509,6502,598,300,cat_1
6510,4892,314,489,cat_3
6511,5346,758,861,cat_2
6512,7422,419,312,cat_2
6513,749,580,19,cat_2
6514,937,427,470,cat_1
6515,8152,706,296,cat_2
6516,4699,404,6,cat_3
6517,2208,621,554,cat_1
6518,532,673,833,cat_2
6519,3508,261,534,cat_2
6520,7152,472,742,cat_2
6521,1879,764,579,cat_0
6522,2471,458,846,cat_2
6523,7170,287,140,cat_0
6524,7042,152,559,cat_1
6525,6721,391,886,cat_4
6526,2275,578,145,cat_3
6527,2405,226,218,cat_2
6528,4292,243,259,cat_0
6529,33,965,499,cat_1
6530,921,597,330,cat_1
6531,3397,456,821,cat_4
6532,8662,916,747,cat_0
6533,206,530,822,cat_4
6534,2520,852,382,cat_0
6535,6639,621,195,cat_2
6536,4692,795,519,cat_1
6537,2055,409,850,cat_2
6538,6124,557,748,cat_1
6539,9155,94,907,cat_2
6540,5041,82,769,cat_4
6541,6455,223,73,cat_4
6542,5749,927,995,cat_0
6543,5983,474,366,cat_2
6544,8397,572,482,cat_1
6545,9464,520,708,cat_1
6546,7482,261,399,cat_4
6547,2768,200,990,cat_1
6548,8519,374,311,cat_1
6549,4688,790,669,cat_0
6550,1990,997,554,cat_3
6551,5128,362,251,cat_3
6552,3377,809,505,cat_4
6553,4229,517,479,cat_1
6554,8252,838,172,cat_3
6555,3840,674,676,cat_1
6556,441,297,367,cat_4
6557,4925,232,410,cat_4
6558,8337,600,30,cat_2
6559,5799,682,706,cat_2
6560,2847,872,506,cat_3
6561,8033,847,363,cat_2
6562,6850,742,21,cat_0
6563,7047,827,187,cat_3
6564,1311,702,388,cat_2
6565,8599,187,735,cat_2
6566,5316,666,86,cat_4
6567,5957,535,283,cat_1
6568,3661,819,228,cat_3
6569,5756,932,413,cat_3
6570,9402,308,618,cat_0
6571,5230,78,107,cat_1
6572,9631,170,787,cat_0
6573,376,960,502,cat_3
6574,5316,908,243,cat_1
6575,7837,591,988,cat_0
6576,7080,158,919,cat_1
6577,8506,466,191,cat_1
6578,4251,995,571,cat_1
6579,3560,153,737,cat_0
6580,9064,215,841,cat_3
6581,5743,895,85,cat_1
6582,1071,626,540,cat_3
6583,4533,958,314,cat_2
6584,4076,5,160,cat_3
6585,7115,531,417,cat_4
6586,349,297,82,cat_0
6587,5300,729,246,cat_3
6588,8315,598,624,cat_3
6589,7820,595,711,cat_4
6590,7356,779,826,cat_2
6591,4328,439,97,cat_3
6592,5202,840,663,cat_0
6593,4827,133,160,cat_2
6594,3341,38,236,cat_2
6595,9295,389,635,cat_3
6596,9252,904,593,cat_2
6597,8404,432,905,cat_4
6598,284,888,613,cat_0
6599,1294,212,914,cat_4
6600,9514,573,666,cat_3
6601,8210,911,351,cat_4
6602,7984,643,935,cat_3
6603,7979,578,737,cat_0
6604,9702,779,48,cat_1
6605,9765,702,3,cat_1
6606,1755,161,687,cat_3
6607,777,427,15,cat_3
6608,929,58,256,cat_0
6609,2339,842,41,cat_3
6610,9234,173,633,cat_1
6611,964,161,428,cat_3
6612,9938,524,985,cat_0
6613,9952,217,771,cat_0
6614,7145,960,217,cat_4
6615,7941,591,771,cat_4
6616,7908,302,28,cat_3
6617,6321,399,342,cat_2
6618,2426,193,725,cat_0
6619,9346,753,905,cat_4
6620,5809,909,208,cat_3
6621,1685,694,430,cat_1
6622,1337,972,29,cat_4
6623,6994,810,910,cat_0
6624,1299,225,200,cat_1
6625,3760,223,431,cat_3
6626,9639,113,242,cat_2
6627,8289,965,345,cat_3
6628,1656,252,156,cat_0
6629,8690,620,526,cat_2
6630,6525,509,142,cat_1
6631,6575,384,155,cat_0
6632,3139,439,827,cat_2
6633,2210,509,880,cat_2
6634,9914,159,793,cat_0
6635,2224,496,801,cat_3
6636,8293,200,880,cat_0
6637,4047,29,368,cat_2
6638,4574,221,144,cat_0
6639,703,690,244,cat_0
6640,1222,346,576,cat_0
6641,9745,756,985,cat_4
6642,2770,738,880,cat_3
6643,9076,905,764,cat_1
6644,9483,170,804,cat_3
6645,2557,938,422,cat_0
6646,5639,361,884,cat_3
6647,596,461,960,cat_3
6648,2963,918,807,cat_0
6649,6590,612,478,cat_2
6650,5078,671,319,cat_4
6651,3454,722,13,cat_4
6652,5506,97,210,cat_0
6653,8092,4,148,cat_3
6654,8914,979,588,cat_0
6655,5879,557,959,cat_3
6656,2030,22,214,cat_1
6657,6243,808,268,cat_0
6658,2197,430,173,cat_4
6659,830,68,975,cat_1
6660,3111,285,867,cat_2
6661,758,776,122,cat_0
6662,6454,175,760,cat_1
6663,2486,260,725,cat_4
6664,5493,734,285,cat_0
6665,4279,567,145,cat_3
6666,5608,991,226,cat_4
6667,1227,769,889,cat_3
6668,4851,929,839,cat_3
6669,1796,902,89,cat_1
6670,3798,252,428,cat_4
6671,6930,286,844,cat_3
6672,8522,671,890,cat_0
6673,4905,836,975,cat_3
6674,3461,23,610,cat_2
6675,587,523,851,cat_0
6676,325,884,779,cat_3
6677,8407,42,844,cat_3
6678,19,853,314,cat_0
6679,7462,734,341,cat_3
6680,9045,496,585,cat_3
6681,766,41,774,cat_0
6682,6920,118,653,cat_0
6683,550,119,270,cat_3
6684,8120,129,142,cat_3
6685,2904,390,527,cat_2
6686,8287,128,901,cat_4
6687,7746,631,681,cat_4
6688,3422,404,649,cat_1
6689,9160,332,313,cat_4
6690,5869,513,704,cat_3
6691,8544,22,166,cat_4
6692,7024,781,508,cat_2
6693,612,556,662,cat_3
6694,3602,317,866,cat_0
6695,7450,810,483,cat_0
6696,8615,887,959,cat_4
6697,1884,543,470,cat_2
6698,9924,403,723,cat_0
6699,5309,842,430,cat_0
6700,8064,575,668,cat_4
6701,7253,130,681,cat_4
6702,5493,500,908,cat_4
6703,2626,694,350,cat_2
6704,9530,664,499,cat_0
6705,2010,987,836,cat_3
6706,9179,203,277,cat_0
6707,819,772,45,cat_4
6708,4172,651,19,cat_1
6709,4563,998,392,cat_2
6710,8453,347,775,cat_2
6711,3048,755,541,cat_4
6712,7614,967,438,cat_2
6713,4796,404,269,cat_2
6714,6635,876,113,cat_1
6715,7123,930,862,cat_3
6716,2855,102,292,cat_4
6717,9224,79,614,cat_4
6718,9,975,68,cat_3
6719,2640,506,969,cat_0
6720,2320,484,555,cat_1
6721,5378,740,881,cat_1
6722,8862,136,723,cat_3
6723,2955,37,939,cat_1
6724,4927,799,973,cat_4
6725,3918,826,695,cat_3
6726,3390,628,539,cat_2
6727,7127,771,282,cat_2
6728,8687,751,190,cat_1
6729,3255,190,220,cat_1
6730,1933,909,446,cat_3
6731,6969,225,881,cat_4
6732,3514,116,319,cat_0
6733,8072,656,990,cat_1
6734,7588,25,658,cat_1
6735,8436,707,422,cat_4
6736,7382,49,910,cat_4
6737,5378,483,624,cat_4
6738,9996,841,466,cat_0
6739,887,574,870,cat_3
6740,9875,398,244,cat_1
6741,8321,153,921,cat_2
6742,6811,417,55,cat_2
6743,6472,587,588,cat_1
6744,9688,250,406,cat_4
6745,9296,212,815,cat_3
6746,1260,792,303,cat_4
6747,381,846,517,cat_3
6748,4693,500,194,cat_0
6749,2076,450,962,cat_3
6750,7994,504,675,cat_2
6751,669,905,693,cat_1
6752,8653,78,558,cat_2
6753,7840,293,706,cat_2
6754,5301,611,527,cat_3
6755,8156,497,227,cat_0
6756,8899,986,604,cat_3
6757,700,95,298,cat_0
6758,8278,368,465,cat_2
6759,2444,247,603,cat_4
6760,7604,948,826,cat_0
6761,7780,124,753,cat_4
6762,5209,895,240,cat_0
6763,1186,609,656,cat_4
6764,6505,535,254,cat_3
6765,7439,43,200,cat_4
6766,295,249,360,cat_2
6767,1876,712,199,cat_0
6768,165,770,565,cat_0
6769,6083,679,542,cat_1
6770,5778,222,664,cat_4
6771,567,316,442,cat_3
6772,7531,36,42,cat_3
6773,8979,20,762,cat_1
6774,3377,853,827,cat_2
6775,8699,967,831,cat_1
6776,3358,257,988,cat_0
6777,2748,268,45,cat_1
6778,7602,263,391,cat_3
6779,8561,787,258,cat_4
6780,358,330,293,cat_2
6781,4924,938,522,cat_2
6782,8658,816,426,cat_1
6783,1530,543,682,cat_3
6784,8856,929,557,cat_4
6785,8718,10,174,cat_1
6786,400,404,449,cat_0
6787,1481,922,612,cat_3
6788,2565,361,363,cat_0
6789,64,884,200,cat_4
6790,4103,480,487,cat_2
6791,5823,30,395,cat_3
6792,1729,594,519,cat_0
6793,4179,269,394,cat_1
6794,9453,175,360,cat_2
6795,4082,952,766,cat_3
6796,5052,144,641,cat_2
6797,1752,916,963,cat_2
6798,6689,186,711,cat_0
6799,3789,246,506,cat_4
6800,5675,128,846,cat_1
6801,5212,329,293,cat_0
6802,1927,373,912,cat_2
6803,7555,794,261,cat_0
6804,286,265,452,cat_3
6805,9760,674,481,cat_3
6806,9163,166,602,cat_2
6807,4184,286,915,cat_3
6808,4115,353,43,cat_2
6809,602,133,477,cat_0
6810,4183,235,442,cat_3
6811,7348,818,575,cat_3
6812,643,91,666,cat_2
6813,977,255,586,cat_0
6814,9153,970,465,cat_2
6815,1807,547,949,cat_2
6816,2192,849,366,cat_1
6817,910,15,224,cat_0
6818,275,196,955,cat_2
6819,3210,505,226,cat_1
6820,4354,413,901,cat_0
6821,4990,989,807,cat_2
6822,5132,997,725,cat_3
6823,9978,366,435,cat_0
6824,7014,714,673,cat_2
6825,8962,517,433,cat_2
6826,6391,207,482,cat_3
6827,9944,609,131,cat_1
6828,8408,142,598,cat_2
6829,7809,592,86,cat_3
6830,9782,701,967,cat_2
6831,5667,697,154,cat_4
6832,3991,174,846,cat_3
6833,9252,885,872,cat_3
6834,6688,424,901,cat_4
6835,1114,915,266,cat_3
6836,6615,651,720,cat_2
6837,3455,210,664,cat_1
6838,2809,713,330,cat_1
6839,4870,376,230,cat_0
6840,8526,822,465,cat_0
6841,2229,139,89,cat_0
6842,2944,913,241,cat_4
6843,1387,163,178,cat_1
6844,5002,885,929,cat_2
6845,4351,482,571,cat_0
6846,4028,542,640,cat_2
6847,1159,116,452,cat_2
6848,1856,463,892,cat_2
6849,2550,153,926,cat_3
6850,2686,572,500,cat_4
6851,7796,995,497,cat_2
6852,104,550,915,cat_2
6853,7556,856,328,cat_4
6854,6894,538,590,cat_2
6855,9423,160,619,cat_0
6856,3864,484,689,cat_3
6857,2828,563,411,cat_3
6858,1403,481,749,cat_2
6859,9483,685,374,cat_0
6860,6902,960,48,cat_0
6861,9904,758,528,cat_1
6862,9832,965,321,cat_4
6863,5890,48,46,cat_1
6864,613,204,790,cat_1
6865,8980,417,283,cat_2
6866,4075,240,95,cat_2
6867,4573,515,24,cat_2
6868,4565,985,460,cat_2
6869,5585,97,442,cat_1
6870,2222,339,578,cat_2
6871,2070,18,957,cat_3
6872,7059,71,39,cat_4
6873,819,714,17,cat_0
6874,5925,417,97,cat_0
6875,697,578,925,cat_1
6876,4108,693,625,cat_3
6877,7907,557,191,cat_0
6878,3457,63,275,cat_1
6879,1831,300,784,cat_4
6880,3784,562,26,cat_1
6881,4345,762,426,cat_4
6882,2126,893,215,cat_1
6883,3735,90,983,cat_4
6884,2919,74,879,cat_3
6885,2051,835,675,cat_1
6886,8232,93,704,cat_2
6887,2870,172,997,cat_0
6888,2634,810,527,cat_3
6889,4098,349,189,cat_3
6890,8687,221,277,cat_2
6891,3663,843,276,cat_3
6892,2578,407,914,cat_0
6893,5833,490,573,cat_0
6894,1612,818,765,cat_1
6895,4114,380,762,cat_4
6896,6050,971,35,cat_0
6897,8614,662,328,cat_1
6898,1782,714,400,cat_2
6899,7339,925,278,cat_4
6900,3340,816,730,cat_4
6901,6355,733,939,cat_2
6902,9166,450,211,cat_2
6903,7182,53,950,cat_2
6904,9820,619,834,cat_0
6905,7588,217,65,cat_4
6906,2053,781,724,cat_4
6907,6607,100,277,cat_3
6908,1995,488,504,cat_0
6909,8934,616,955,cat_3
6910,8760,645,551,cat_3
6911,8857,792,670,cat_4
6912,5364,711,903,cat_0
6913,758,707,613,cat_4
6914,8943,919,683,cat_3
6915,6239,378,804,cat_2
6916,2659,583,782,cat_0
6917,1656,948,42,cat_4
6918,6478,290,546,cat_0
6919,6889,316,274,cat_2
6920,8260,174,340,cat_0
6921,3947,56,878,cat_4
6922,9314,449,28,cat_2
6923,462,587,322,cat_4
6924,4112,154,198,cat_4
6925,5482,388,734,cat_0
6926,9944,40,741,cat_2
6927,6731,601,164,cat_2
6928,2935,523,8,cat_3
6929,1725,117,23,cat_3
6930,7886,990,251,cat_4
6931,2069,805,443,cat_0
6932,5581,48,172,cat_1
6933,3857,837,275,cat_2
6934,8140,1000,43,cat_2
6935,5015,421,989,cat_4
6936,4452,507,916,cat_0
6937,9539,814,994,cat_2
6938,1502,208,296,cat_0
6939,2779,291,748,cat_0
6940,3088,410,893,cat_3
6941,1099,405,707,cat_2
6942,314,962,58,cat_1
6943,8434,959,386,cat_1
6944,5205,546,745,cat_3
6945,3088,667,426,cat_4
6946,5037,707,266,cat_4
6947,1449,369,276,cat_1
6948,1754,211,912,cat_2
6949,433,820,469,cat_2
6950,3943,906,144,cat_0
6951,3786,534,949,cat_1
6952,4309,708,354,cat_3
6953,4335,777,658,cat_0
6954,9453,991,544,cat_3
6955,7815,635,213,cat_1
6956,9815,988,562,cat_1
6957,6652,492,349,cat_2
6958,7816,768,998,cat_2
6959,1410,563,993,cat_1
6960,1128,852,554,cat_2
6961,9603,822,534,cat_2
6962,6964,591,471,cat_2
6963,7924,319,411,cat_0
6964,9703,887,597,cat_1
6965,8510,896,49,cat_3
6966,8290,885,823,cat_4
6967,1722,324,964,cat_1
6968,4874,464,54,cat_2
6969,6393,458,826,cat_4
6970,5033,331,679,cat_0
6971,1342,116,994,cat_4
6972,3691,947,142,cat_4
6973,6485,730,423,cat_1
6974,3648,731,242,cat_0
6975,8324,648,54,cat_4
6976,2640,610,821,cat_4
6977,3867,265,957,cat_2
6978,2847,927,869,cat_1
6979,2188,299,503,cat_0
6980,1677,342,492,cat_4
6981,5401,370,257,cat_2
6982,2478,341,865,cat_1
6983,8686,604,377,cat_2
6984,1549,761,149,cat_4
6985,4507,403,717,cat_3
6986,1521,632,880,cat_4
6987,6860,498,689,cat_1
6988,2403,901,983,cat_1
6989,1140,634,716,cat_2
6990,8584,554,868,cat_4
6991,775,505,228,cat_4
6992,4125,62,592,cat_0
6993,6882,635,919,cat_1
6994,492,661,227,cat_3
6995,4916,178,585,cat_3
6996,3967,547,522,cat_0
6997,4112,595,325,cat_0
6998,6860,830,825,cat_3
6999,5782,772,911,cat_2
7000,8038,988,180,cat_3
7001,4055,189,562,cat_0
7002,5643,423,308,cat_3
7003,7520,651,169,cat_1
7004,3647,599,136,cat_0
7005,7093,96,750,cat_1
7006,1337,85,560,cat_1
7007,4150,267,825,cat_4
7008,4424,938,114,cat_3
7009,1465,661,810,cat_2
7010,1432,641,616,cat_1
7011,9178,270,887,cat_3
7012,9840,951,276,cat_2
7013,9289,39,613,cat_1
7014,4197,230,980,cat_2
7015,7415,78,748,cat_4
7016,9281,389,127,cat_3
7017,7222,441,57,cat_3
7018,1283,744,302,cat_1
7019,446,70,618,cat_1
7020,6964,177,1,cat_3
7021,1372,294,146,cat_3
7022,1789,902,588,cat_1
7023,453,619,557,cat_0
7024,7120,423,271,cat_4
7025,3609,674,732,cat_0
7026,8683,349,431,cat_1
7027,4597,713,529,cat_1
7028,9688,232,841,cat_0
7029,6369,236,546,cat_4
7030,1025,995,680,cat_3
7031,259,906,596,cat_0
7032,1083,976,273,cat_1
7033,9286,454,159,cat_2
7034,8453,780,629,cat_3
7035,6413,753,102,cat_2
7036,1440,946,908,cat_2
7037,3900,645,749,cat_2
7038,8984,628,101,cat_3
7039,8933,80,382,cat_0
7040,1685,941,534,cat_2
7041,6776,571,714,cat_2
7042,4428,144,984,cat_0
7043,1782,18,251,cat_0
7044,8221,489,847,cat_3
7045,4389,318,328,cat_1
7046,726,254,761,cat_2
7047,5186,857,169,cat_3
7048,9277,291,537,cat_0
7049,7968,529,638,cat_2
7050,3492,239,579,cat_3
7051,7624,646,937,cat_3
7052,6072,167,821,cat_4
7053,6563,195,585,cat_3
7054,8453,761,252,cat_2
7055,8500,128,672,cat_2
7056,2198,751,486,cat_1
7057,575,517,281,cat_2
7058,6866,154,747,cat_2
7059,6979,917,209,cat_0
7060,8823,407,811,cat_0
7061,9749,282,480,cat_2
7062,3410,484,157,cat_1
7063,3230,290,276,cat_4
7064,3043,892,845,cat_3
7065,7109,901,410,cat_3
7066,1774,449,994,cat_4
7067,1159,786,258,cat_0
7068,4697,161,429,cat_0
7069,9550,463,395,cat_4
7070,8195,195,786,cat_0
7071,8143,740,885,cat_0
7072,6089,59,180,cat_4
7073,4831,992,604,cat_0
7074,4712,960,968,cat_2
7075,9506,571,616,cat_2
7076,1088,493,672,cat_3
7077,6111,694,649,cat_1
7078,4774,924,934,cat_1
7079,2552,657,747,cat_2
7080,1943,385,317,cat_1
7081,14,764,218,cat_0
7082,2996,397,226,cat_2
7083,8223,996,547,cat_2
7084,486,633,677,cat_0
7085,6506,329,657,cat_4
7086,3414,986,527,cat_4
7087,7643,987,43,cat_2
7088,4839,154,997,cat_1
7089,9628,727,318,cat_2
7090,4082,435,951,cat_2
7091,8016,806,134,cat_4
7092,8879,640,392,cat_2
7093,8876,560,551,cat_2
7094,5390,333,25,cat_2
7095,3975,847,744,cat_3
7096,3751,601,753,cat_0
7097,3763,451,614,cat_2
7098,8241,202,869,cat_0
7099,2022,531,551,cat_3
7100,2938,366,103,cat_1
7101,4302,302,125,cat_0
7102,8507,142,73,cat_3
7103,629,26,322,cat_0
7104,4840,13,888,cat_3
7105,3653,237,293,cat_3
7106,9947,278,686,cat_3
7107,6353,856,778,cat_4
7108,3224,601,119,cat_2
7109,2506,431,303,cat_4
7110,8583,503,100,cat_2
7111,7243,200,782,cat_0
7112,3186,593,763,cat_1
7113,7065,149,151,cat_1
7114,4327,2,155,cat_4
7115,7566,262,305,cat_4
7116,433,511,465,cat_1
7117,3505,878,301,cat_4
7118,1114,345,976,cat_4
7119,1009,384,284,cat_3
7120,1787,202,173,cat_2
7121,9136,105,969,cat_3
7122,2659,347,505,cat_0
7123,2498,298,448,cat_2
7124,82,798,447,cat_1
7125,8306,138,343,cat_3
7126,3195,999,604,cat_1
7127,7600,824,355,cat_2
7128,8343,495,30,cat_1
7129,3492,610,963,cat_2
7130,5306,184,545,cat_0
7131,2539,721,700,cat_2
7132,2467,440,770,cat_2
7133,6555,385,965,cat_0
7134,9870,893,738,cat_3
7135,347,853,651,cat_1
7136,3651,187,783,cat_0
7137,6046,876,257,cat_0
7138,7056,923,541,cat_0
7139,3863,314,84,cat_2
7140,9460,344,667,cat_0
7141,5166,178,118,cat_0
7142,5404,946,966,cat_2
7143,8231,120,951,cat_2
7144,6129,365,979,cat_4
7145,3818,972,448,cat_2
7146,3714,533,497,cat_4
7147,3481,644,103,cat_0
7148,1772,737,159,cat_0
7149,1037,572,767,cat_3
7150,5813,326,215,cat_3
7151,2536,702,85,cat_0
7152,8391,145,75,cat_0
7153,8248,803,323,cat_4
7154,8824,713,862,cat_2
7155,6524,196,238,cat_1
7156,9302,861,340,cat_1
7157,3817,770,769,cat_0
7158,8291,233,432,cat_0
7159,3897,485,978,cat_1
7160,8815,260,56,cat_3
7161,1548,857,14,cat_4
7162,3946,413,6,cat_3
7163,8362,334,891,cat_0
7164,5380,981,790,cat_1
7165,3933,615,828,cat_0
7166,7730,513,124,cat_2
7167,7339,554,124,cat_0
7168,4563,101,911,cat_1
7169,2297,154,55,cat_1
7170,2720,577,516,cat_3
7171,7821,38,121,cat_3
7172,335,772,805,cat_0
7173,6732,159,89,cat_0
7174,5854,220,998,cat_0
7175,8807,859,64,cat_2
7176,1944,743,836,cat_3
7177,1424,418,358,cat_1
7178,6556,296,217,cat_3
7179,3851,858,326,cat_3
7180,2175,725,146,cat_0
7181,4447,107,978,cat_3
7182,4612,780,194,cat_0
7183,4942,60,55,cat_1
7184,3973,764,656,cat_0
7185,5372,621,496,cat_2
7186,4845,490,12,cat_0
7187,1139,565,886,cat_3
7188,6484,258,138,cat_1
7189,1127,377,586,cat_1
7190,4554,707,871,cat_0
7191,2026,697,52,cat_2
7192,2728,747,443,cat_2
7193,1267,459,238,cat_3
7194,4233,344,439,cat_0
7195,6993,773,989,cat_4
7196,8501,224,60,cat_4
7197,6761,805,293,cat_2
7198,7524,978,797,cat_4
7199,5442,234,597,cat_3
7200,8477,285,656,cat_4
7201,5417,808,765,cat_2
7202,2840,505,60,cat_4
7203,3553,763,527,cat_4
7204,1597,699,524,cat_1
7205,3566,301,798,cat_2
7206,9935,128,643,cat_1
7207,1291,440,852,cat_2
7208,2255,56,487,cat_3
7209,5201,538,198,cat_3
7210,6653,276,144,cat_4
7211,1506,974,801,cat_4
7212,4375,726,654,cat_0
7213,3659,208,998,cat_1
7214,7806,133,587,cat_4
7215,770,512,109,cat_4
7216,7859,662,332,cat_4
7217,7011,772,780,cat_1
7218,9954,503,342,cat_2
7219,6502,757,851,cat_2
7220,320,942,426,cat_1
7221,4304,108,552,cat_1
7222,5042,431,163,cat_4
7223,9639,903,790,cat_0
7224,8442,676,79,cat_2
7225,6496,915,567,cat_2
7226,9652,660,728,cat_2
7227,3548,823,557,cat_2
7228,4974,998,129,cat_2
7229,6838,411,28,cat_1
7230,8786,749,197,cat_2
7231,7345,223,601,cat_3
7232,1735,766,887,cat_4
7233,3020,127,376,cat_1
7234,7392,340,275,cat_4
7235,4520,550,30,cat_1
7236,612,523,969,cat_3
7237,34,705,180,cat_3
7238,8476,281,85,cat_4
7239,2507,582,190,cat_1
7240,6007,241,871,cat_2
7241,9456,196,466,cat_3
7242,5239,425,841,cat_1
7243,4325,157,640,cat_1
7244,9728,693,995,cat_0
7245,6289,94,433,cat_1
7246,6945,427,337,cat_2
7247,3729,477,688,cat_4
7248,1666,226,72,cat_3
7249,9387,40,670,cat_2
7250,1475,777,157,cat_4
7251,4595,206,309,cat_1
7252,7738,947,319,cat_1
7253,412,927,297,cat_2
7254,7212,781,356,cat_2
7255,6166,880,853,cat_1
7256,3751,66,735,cat_0
7257,5598,592,1,cat_2
7258,2022,773,310,cat_2
7259,6300,217,636,cat_3
7260,6391,767,943,cat_2
7261,7904,112,188,cat_2
7262,8818,620,90,cat_0
7263,9012,200,817,cat_4
7264,2794,588,356,cat_0
7265,9445,368,706,cat_1
7266,7030,4,882,cat_3
7267,2310,697,462,cat_2
7268,735,382,128,cat_4
7269,3701,103,555,cat_4
7270,5948,801,655,cat_1
7271,4705,60,443,cat_0
7272,8329,24,813,cat_4
7273,2909,263,124,cat_2
7274,5923,285,159,cat_1
7275,8411,878,634,cat_1
7276,5102,478,292,cat_3
7277,8906,767,741,cat_1
7278,9502,521,550,cat_0
7279,2550,343,526,cat_4
7280,2268,945,430,cat_3
7281,1184,499,288,cat_0
7282,1215,473,565,cat_0
7283,370,473,569,cat_3
7284,647,616,10,cat_3
7285,2556,523,539,cat_4
7286,8991,86,333,cat_4
7287,6438,263,399,cat_1
7288,1352,908,293,cat_3
7289,629,292,465,cat_4
7290,4653,598,128,cat_0
7291,6099,406,989,cat_3
7292,3960,307,259,cat_4
7293,7342,729,806,cat_1
7294,4815,901,542,cat_3
7295,2161,209,166,cat_4
7296,8528,367,953,cat_0
7297,9729,471,47,cat_1
7298,2597,273,53,cat_0
7299,9300,75,219,cat_1
7300,5544,432,640,cat_3
7301,6059,668,207,cat_4
7302,7063,110,263,cat_1
7303,971,119,748,cat_2
7304,5502,51,908,cat_1
7305,6881,949,475,cat_0
7306,1888,707,640,cat_2
7307,7918,23,977,cat_2
7308,8053,257,416,cat_0
7309,5645,909,535,cat_1
7310,183,305,590,cat_3
7311,5599,164,721,cat_3
7312,725,392,434,cat_1
7313,5115,378,947,cat_1
7314,9728,723,699,cat_2
7315,8263,92,718,cat_3
7316,7298,888,649,cat_2
7317,281,151,144,cat_1
7318,7799,460,823,cat_3
7319,8898,389,915,cat_2
7320,1098,109,487,cat_2
7321,8814,261,881,cat_3
7322,6973,32,628,cat_0
7323,7155,475,644,cat_4
7324,8606,36,435,cat_4
7325,9172,613,93,cat_1
7326,8842,251,607,cat_4
7327,5101,973,115,cat_4
7328,2404,647,111,cat_0
7329,2149,710,450,cat_4
7330,7525,713,774,cat_1
7331,7396,357,206,cat_3
7332,3810,986,943,cat_2
7333,9764,378,244,cat_1
7334,7766,799,928,cat_3
7335,2114,623,73,cat_4
7336,9849,676,8,cat_0
7337,6918,288,220,cat_2
7338,1910,432,17,cat_0
7339,9134,508,705,cat_2
7340,6290,303,243,cat_3
7341,736,12,72,cat_1
7342,3927,470,855,cat_0
7343,1321,416,803,cat_3
7344,344,944,715,cat_2
7345,2745,953,810,cat_1
7346,5816,934,820,cat_1
7347,6296,554,934,cat_3
7348,1748,770,170,cat_3
7349,2247,73,784,cat_3
7350,9870,199,804,cat_2
7351,9443,169,85,cat_0
7352,4018,176,451,cat_1
7353,9469,365,127,cat_3
7354,1199,17,651,cat_1
7355,4491,930,852,cat_1
7356,3806,197,714,cat_1
7357,6317,678,849,cat_1
7358,3943,40,669,cat_3
7359,3988,153,340,cat_4
7360,4949,442,578,cat_0
7361,4610,25,364,cat_4
7362,3527,315,665,cat_0
7363,8459,677,589,cat_3
7364,585,540,644,cat_3
7365,5416,207,747,cat_3
7366,467,992,123,cat_0
7367,2723,731,424,cat_2
7368,1210,828,821,cat_0
7369,197,40,383,cat_2
7370,1000,962,574,cat_2
7371,5887,886,724,cat_2
7372,3985,286,388,cat_3
7373,1318,128,978,cat_3
7374,4337,539,831,cat_0
7375,7247,315,365,cat_2
7376,2259,508,127,cat_1
7377,1812,869,196,cat_2
7378,9446,257,578,cat_1
7379,7142,558,588,cat_2
7380,1401,273,593,cat_4
7381,1199,776,605,cat_1
7382,7814,86,15,cat_4
7383,5087,738,154,cat_1
7384,9862,210,458,cat_0
7385,3369,61,30,cat_3
7386,1359,405,681,cat_4
7387,6968,796,774,cat_3
7388,7918,315,608,cat_4
7389,7026,17,332,cat_3
7390,1137,543,150,cat_2
7391,4021,664,928,cat_2
7392,1101,661,117,cat_1
7393,5510,461,598,cat_4
7394,4117,319,402,cat_3
7395,8119,560,128,cat_3
7396,6703,766,855,cat_2
7397,3592,335,23,cat_0
7398,5558,566,466,cat_1
7399,3072,670,636,cat_0
7400,9143,468,21,cat_0
7401,7751,899,791,cat_0
7402,3832,951,940,cat_2
7403,2700,56,554,cat_2
7404,4736,195,176,cat_3
7405,7445,651,881,cat_4
7406,4543,946,570,cat_1
7407,6577,147,457,cat_2
7408,8895,242,407,cat_4
7409,3363,377,161,cat_3
7410,6801,309,496,cat_1
7411,1278,786,306,cat_4
7412,8754,635,316,cat_0
7413,8702,189,943,cat_0
7414,4038,906,245,cat_4
7415,9556,93,697,cat_3
7416,3973,289,201,cat_1
7417,1569,252,421,cat_0
7418,6835,522,631,cat_3
7419,2561,273,791,cat_3
7420,4941,52,451,cat_2
7421,9883,406,182,cat_2
7422,42,279,930,cat_3
7423,4898,573,665,cat_3
7424,7922,137,128,cat_4
7425,1234,443,775,cat_4
7426,9275,638,102,cat_2
7427,2885,274,774,cat_1
7428,6796,673,420,cat_1
7429,6962,667,364,cat_3
7430,4808,523,113,cat_0
7431,9580,121,769,cat_3
7432,6019,540,707,cat_4
7433,1536,762,246,cat_2
7434,3035,491,819,cat_1
7435,2939,30,510,cat_0
7436,7523,766,106,cat_4
7437,2435,742,80,cat_1
7438,9806,287,561,cat_1
7439,238,462,121,cat_4
7440,4414,171,530,cat_2
7441,3753,396,589,cat_0
7442,5849,379,141,cat_3
7443,2178,123,844,cat_4
7444,4240,287,626,cat_0
7445,954,877,840,cat_4
7446,603,368,108,cat_0
7447,4270,575,232,cat_3
7448,6199,915,587,cat_3
7449,5189,377,31,cat_4
7450,4212,771,589,cat_4
7451,2907,618,799,cat_1
7452,6066,845,901,cat_0
7453,378,616,990,cat_3
7454,6188,311,369,cat_0
7455,163,183,473,cat_4
7456,5283,446,179,cat_0
7457,9528,732,793,cat_2
7458,7516,895,743,cat_0
7459,7481,535,140,cat_3
7460,5512,81,748,cat_0
7461,6450,672,147,cat_2
7462,318,313,205,cat_3
7463,6029,372,569,cat_4
7464,4377,552,189,cat_3
7465,7505,791,456,cat_3
7466,9905,497,303,cat_4
7467,889,782,294,cat_4
7468,4008,930,875,cat_1
7469,428,461,836,cat_2
7470,3374,63,73,cat_0
7471,1509,397,702,cat_1
7472,3476,497,691,cat_4
7473,4568,8,950,cat_2
7474,711,775,414,cat_4
7475,2495,186,938,cat_4
7476,1094,377,377,cat_0
7477,4474,486,239,cat_4
7478,2898,707,235,cat_3
7479,5338,341,41,cat_1
7480,5711,274,522,cat_4
7481,3894,544,591,cat_3
7482,5376,258,940,cat_0
7483,1955,847,788,cat_3
7484,5207,9,485,cat_4
7485,5132,536,685,cat_3
7486,3599,256,66,cat_0
7487,3962,557,179,cat_3
7488,2803,928,583,cat_4
7489,6859,757,602,cat_3
7490,9297,936,889,cat_1
7491,5998,586,393,cat_4
7492,9411,218,476,cat_3
7493,2945,567,115,cat_4
7494,3494,873,37,cat_2
7495,2043,387,574,cat_2
7496,4101,474,798,cat_2
7497,7312,914,652,cat_4
7498,5164,265,90,cat_2
7499,3535,209,968,cat_3
7500,3085,395,445,cat_4
7501,8872,897,471,cat_3
7502,2029,221,892,cat_3
7503,7346,797,116,cat_4
7504,2857,322,837,cat_4
7505,1846,424,457,cat_3
7506,7661,710,588,cat_4
7507,7948,912,138,cat_3
7508,1953,57,639,cat_3
7509,4946,70,766,cat_4
7510,3531,393,636,cat_3
7511,4207,494,291,cat_0
7512,8394,224,1,cat_1
7513,1540,263,263,cat_4
7514,8630,20,314,cat_2
7515,5190,130,394,cat_3
7516,1921,711,852,cat_3
7517,8272,767,904,cat_0
7518,7164,32,25,cat_1
7519,1339,117,151,cat_3
7520,1521,848,509,cat_2
7521,1451,976,480,cat_4
7522,5063,267,976,cat_0
7523,43,214,769,cat_2
7524,7058,622,107,cat_0
7525,3908,221,186,cat_4
7526,4765,323,447,cat_0
7527,7826,996,744,cat_2
7528,66,283,252,cat_3
7529,3147,821,431,cat_1
7530,4520,73,518,cat_0
7531,4751,412,280,cat_3
7532,5809,406,532,cat_4
7533,5689,278,311,cat_2
7534,4542,229,238,cat_2
7535,4092,801,815,cat_3
7536,5539,806,783,cat_4
7537,1846,322,120,cat_2
7538,8553,156,717,cat_4
7539,456,139,83,cat_4
7540,7713,694,22,cat_3
7541,5622,857,430,cat_4
7542,7074,309,230,cat_1
7543,704,745,671,cat_4
7544,9179,958,685,cat_4
7545,7053,875,454,cat_2
7546,1624,968,702,cat_2
7547,6390,78,6,cat_2
7548,7155,956,795,cat_2
7549,8626,686,873,cat_2
7550,7550,912,837,cat_0
7551,2843,901,271,cat_4
7552,2297,917,432,cat_2
7553,9265,392,565,cat_0
7554,2506,69,756,cat_1
7555,5546,175,287,cat_4
7556,2834,667,269,cat_0
7557,22,115,960,cat_2
7558,7559,981,289,cat_3
7559,1169,474,74,cat_0
7560,6078,176,587,cat_1
7561,3488,5,800,cat_2
7562,5655,870,688,cat_2
7563,1497,95,234,cat_1
7564,4860,774,334,cat_4
7565,8020,171,353,cat_1
7566,6579,478,673,cat_4
7567,9146,444,294,cat_0
7568,806,526,713,cat_3
7569,6908,870,66,cat_2
7570,5114,540,322,cat_4
7571,1219,491,366,cat_3
7572,8583,261,760,cat_0
7573,4309,937,274,cat_2
7574,6435,661,112,cat_2
7575,6131,718,237,cat_1
7576,9795,337,300,cat_3
7577,1627,385,901,cat_2
7578,4764,342,991,cat_0
7579,4508,518,737,cat_3
7580,656,394,682,cat_3
7581,4459,185,583,cat_2
7582,3715,90,300,cat_3
7583,3830,781,566,cat_4
7584,129,918,722,cat_3
7585,2214,360,661,cat_1
7586,1313,522,41,cat_2
7587,3241,352,552,cat_2
7588,957,834,942,cat_1
7589,7313,929,675,cat_3
7590,4123,181,837,cat_0
7591,2486,663,159,cat_0
7592,7633,259,925,cat_3
7593,3108,758,147,cat_0
7594,8329,657,956,cat_3
7595,320,265,674,cat_0
7596,2859,213,183,cat_1
7597,4050,524,430,cat_4
7598,3481,639,998,cat_4
7599,9354,751,487,cat_0
7600,8819,178,982,cat_4
7601,5359,228,705,cat_1
7602,1909,94,374,cat_2
7603,9188,216,911,cat_0
7604,8873,317,858,cat_2
7605,8594,114,856,cat_2
7606,9620,325,620,cat_0
7607,4190,800,381,cat_3
7608,2108,437,895,cat_1
7609,9492,135,496,cat_1
7610,6029,961,248,cat_1
7611,7568,929,788,cat_1
7612,9581,175,100,cat_3
7613,1378,76,894,cat_1
7614,5885,953,153,cat_1
7615,1650,364,685,cat_4
7616,4110,279,495,cat_1
7617,2187,15,631,cat_1
7618,2547,982,970,cat_2
7619,4109,638,499,cat_1
7620,5579,431,591,cat_2
7621,4040,940,892,cat_3
7622,7602,788,980,cat_3
7623,9691,173,548,cat_1
7624,7082,856,971,cat_3
7625,6290,47,955,cat_2
7626,6415,806,364,cat_4
7627,7288,531,574,cat_0
7628,2269,118,245,cat_1
7629,760,103,211,cat_3
7630,4848,875,516,cat_1
7631,4758,46,568,cat_1
7632,7499,569,198,cat_1
7633,6378,653,544,cat_3
7634,2796,934,214,cat_2
7635,4437,612,165,cat_3
7636,4659,262,723,cat_2
7637,5896,106,420,cat_0
7638,7205,800,485,cat_4
7639,3985,431,303,cat_0
7640,3823,196,861,cat_4
7641,2638,685,844,cat_0
7642,4560,208,739,cat_0
7643,4260,787,738,cat_4
7644,456,161,642,cat_1
7645,8382,981,193,cat_4
7646,9430,198,804,cat_4
7647,8831,834,386,cat_0
7648,5132,199,967,cat_3
7649,8440,123,98,cat_1
7650,7440,141,516,cat_3
7651,6898,485,191,cat_0
7652,4608,714,771,cat_4
7653,2913,129,991,cat_2
7654,6152,764,968,cat_3
7655,9993,855,627,cat_1
7656,3340,808,877,cat_1
7657,3879,895,28,cat_2
7658,4609,194,157,cat_3
7659,2038,435,75,cat_0
7660,5897,895,195,cat_2
7661,509,986,142,cat_0
7662,3429,416,196,cat_2
7663,3996,807,143,cat_0
7664,3727,268,767,cat_2
7665,3017,821,320,cat_2
7666,9395,933,116,cat_2
7667,9111,385,890,cat_3
7668,8700,704,40,cat_4
7669,3587,535,684,cat_0
7670,3030,532,881,cat_3
7671,8320,46,395,cat_0
7672,9563,492,412,cat_4
7673,6738,341,88,cat_0
7674,7859,407,205,cat_3
7675,1824,504,753,cat_4
7676,3656,222,282,cat_0
7677,1445,346,144,cat_2
7678,1891,610,859,cat_3
7679,2633,56,125,cat_3
7680,1302,233,392,cat_1
7681,2131,190,550,cat_3
7682,3693,553,134,cat_1
7683,8430,934,581,cat_3
7684,9363,472,933,cat_3
7685,8290,343,686,cat_4
7686,5208,641,139,cat_3
7687,7189,251,573,cat_3
7688,8690,340,426,cat_2
7689,8944,267,74,cat_2
7690,5047,722,59,cat_0
7691,4477,289,601,cat_0
7692,6701,974,529,cat_3
7693,7560,69,683,cat_3
7694,2826,113,903,cat_3
7695,2719,657,402,cat_3
7696,269,525,204,cat_0
7697,4556,316,30,cat_2
7698,9979,600,418,cat_1
7699,6747,81,368,cat_3
7700,8189,91,10,cat_0
7701,8617,553,718,cat_0
7702,403,22,14,cat_1
7703,6081,750,141,cat_2
7704,980,453,227,cat_0
7705,8299,626,909,cat_4
7706,9360,690,1000,cat_3
7707,5523,84,771,cat_1
7708,5324,145,252,cat_2
7709,6195,915,169,cat_1
7710,8804,91,349,cat_1
7711,2650,752,147,cat_2
7712,618,877,114,cat_3
7713,1771,524,833,cat_2
7714,3710,807,569,cat_4
7715,4940,883,444,cat_3
7716,4865,921,117,cat_0
7717,9534,944,328,cat_4
7718,1022,940,347,cat_3
7719,2396,341,396,cat_4
7720,1843,27,680,cat_2
7721,1849,190,393,cat_0
7722,7018,585,320,cat_2
7723,1430,955,315,cat_4
7724,4926,992,89,cat_1
7725,4329,32,136,cat_3
7726,5350,882,621,cat_4
7727,4966,116,551,cat_3
7728,177,394,207,cat_4
7729,3130,812,424,cat_1
7730,3911,523,906,cat_3
7731,3688,623,928,cat_0
7732,7065,966,717,cat_2
7733,9674,726,5,cat_0
7734,8917,931,448,cat_3
7735,9685,230,70,cat_0
7736,7776,915,787,cat_0
7737,3238,466,139,cat_4
7738,5374,150,441,cat_4
7739,3985,164,72,cat_2
7740,7513,439,239,cat_3
7741,823,916,538,cat_2
7742,2590,326,979,cat_2
7743,9423,868,326,cat_1
7744,8763,398,42,cat_1
7745,473,457,366,cat_3
7746,5025,295,142,cat_0
7747,7428,610,915,cat_0
7748,8647,77,648,cat_0
7749,5662,824,415,cat_3
7750,2876,529,47,cat_1
7751,6439,633,786,cat_0
7752,8438,553,209,cat_3
7753,6525,368,44,cat_2
7754,413,175,15,cat_0
7755,118,153,344,cat_0
7756,8438,743,607,cat_0
7757,8532,353,613,cat_0
7758,9645,847,719,cat_0
7759,6334,936,351,cat_2
7760,6532,159,344,cat_0
7761,9999,646,373,cat_3
7762,7771,933,611,cat_3
7763,9792,33,737,cat_1
7764,5207,531,236,cat_3
7765,2964,382,14,cat_3
7766,994,853,805,cat_3
7767,86,38,511,cat_0
7768,9437,108,202,cat_4
7769,1272,278,472,cat_3
7770,8010,81,441,cat_0
7771,8005,577,477,cat_1
7772,8794,539,476,cat_1
7773,4609,991,744,cat_3
7774,1759,638,204,cat_0
7775,6885,706,331,cat_2
7776,5332,457,542,cat_0
7777,2668,129,155,cat_0
7778,2785,420,235,cat_0
7779,6874,136,807,cat_1
7780,2435,298,523,cat_0
7781,6129,847,546,cat_1
7782,6148,728,966,cat_0
7783,4573,140,602,cat_4
7784,6061,670,669,cat_2
7785,4265,645,334,cat_0
7786,1424,34,862,cat_3
7787,7434,592,911,cat_3
7788,9483,431,13,cat_2
7789,288,392,243,cat_1
7790,9324,589,500,cat_4
7791,4403,43,807,cat_2
7792,7539,804,623,cat_0
7793,4773,139,247,cat_3
7794,6967,347,408,cat_0
7795,4477,841,756,cat_0
7796,4158,647,433,cat_4
7797,9299,310,794,cat_4
7798,1397,236,774,cat_3
7799,3918,973,412,cat_0
7800,7983,71,444,cat_1
7801,4703,323,385,cat_1
7802,891,835,463,cat_0
7803,9330,133,392,cat_2
7804,8076,24,248,cat_2
7805,3384,757,347,cat_1
7806,6813,900,867,cat_4
7807,1551,40,586,cat_4
7808,6180,631,78,cat_4
7809,2487,250,800,cat_2
7810,6793,139,425,cat_1
7811,7192,639,691,cat_1
7812,5488,976,827,cat_0
7813,6378,970,638,cat_3
7814,6144,70,623,cat_0
7815,90,708,477,cat_1
7816,5171,143,570,cat_2
7817,8765,602,664,cat_3
7818,1492,12,498,cat_2
7819,6028,999,476,cat_0
7820,1852,1,399,cat_2
7821,1519,891,610,cat_2
7822,2629,293,938,cat_4
7823,1008,390,234,cat_2
7824,7574,310,672,cat_1
7825,5932,502,395,cat_0
7826,7204,492,260,cat_2
7827,7884,453,874,cat_4
7828,1208,414,964,cat_2
7829,1613,368,793,cat_2
7830,9022,514,135,cat_4
7831,7491,508,490,cat_0
7832,7753,979,933,cat_3
7833,5521,684,176,cat_2
7834,8623,316,117,cat_4
7835,4302,484,382,cat_2
7836,2786,557,776,cat_4
7837,2206,329,667,cat_2
7838,7682,163,88,cat_1
7839,7509,966,414,cat_3
7840,7575,84,773,cat_3
7841,4842,850,397,cat_3
7842,4023,149,111,cat_4
7843,2356,364,397,cat_1
7844,9528,892,961,cat_1
7845,5868,734,739,cat_0
7846,4687,718,426,cat_0
7847,8204,691,253,cat_2
7848,4199,387,72,cat_1
7849,9278,710,994,cat_0
7850,7880,516,138,cat_4
7851,5139,139,834,cat_4
7852,305,262,37,cat_1
7853,768,600,350,cat_0
7854,4633,902,403,cat_3
7855,3307,305,698,cat_1
7856,7490,725,719,cat_1
7857,8719,761,404,cat_0
7858,8631,91,259,cat_2
7859,489,237,548,cat_4
7860,4550,367,721,cat_2
7861,5223,288,969,cat_1
7862,8168,984,987,cat_2
7863,6708,441,284,cat_1
7864,1898,928,523,cat_0
7865,4448,302,853,cat_2
7866,6140,356,289,cat_3
7867,4370,489,878,cat_3
7868,9299,532,185,cat_2
7869,1604,532,561,cat_4
7870,100,419,552,cat_1
7871,5943,554,730,cat_1
7872,8767,516,661,cat_0
7873,3299,556,361,cat_0
7874,4265,30,577,cat_0
7875,9935,932,957,cat_0
7876,3028,320,712,cat_4
7877,7026,711,568,cat_0
7878,5283,865,226,cat_0
7879,3798,201,312,cat_0
7880,9,231,772,cat_2
7881,1515,576,6,cat_2
7882,5810,918,198,cat_3
7883,2508,853,252,cat_4
7884,4309,323,609,cat_2
7885,8161,661,429,cat_0
7886,2239,822,311,cat_2
7887,1802,143,616,cat_3
7888,9234,683,585,cat_0
7889,7307,390,220,cat_3
7890,2373,825,270,cat_2
7891,1723,415,895,cat_1
7892,482,599,753,cat_3
7893,788,837,551,cat_0
7894,6999,61,4,cat_3
7895,9111,702,448,cat_1
7896,5863,420,750,cat_1
7897,3988,436,794,cat_0
7898,2295,915,911,cat_1
7899,1516,798,410,cat_2
7900,4186,502,572,cat_2
7901,3826,823,260,cat_0
7902,9572,422,417,cat_0
7903,666,895,209,cat_3
7904,4888,766,935,cat_4
7905,334,353,402,cat_2
7906,3820,126,478,cat_1
7907,5043,807,656,cat_3
7908,5278,956,793,cat_1
7909,2129,315,628,cat_2
7910,1232,885,780,cat_1
7911,952,612,329,cat_0
7912,8149,725,28,cat_0
7913,168,855,348,cat_4
7914,1461,758,722,cat_4
7915,2997,82,97,cat_0
7916,732,128,450,cat_2
7917,5883,110,241,cat_2
7918,6596,710,886,cat_3
7919,5655,101,18,cat_0
7920,6585,352,648,cat_0
7921,9275,817,316,cat_1
7922,3285,14,817,cat_4
7923,3407,987,900,cat_0
7924,6393,569,155,cat_0
7925,6199,823,808,cat_1
7926,174,35,308,cat_0
7927,8734,989,624,cat_1
7928,9578,647,519,cat_2
7929,8241,320,70,cat_0
7930,3450,470,613,cat_1
7931,2599,50,469,cat_0
7932,829,715,525,cat_3
7933,7298,43,102,cat_1
7934,2314,261,30,cat_3
7935,7618,364,828,cat_4
7936,9118,851,453,cat_4
7937,7662,833,689,cat_2
7938,1439,14,552,cat_4
7939,7983,626,604,cat_2
7940,880,988,72,cat_1
7941,6975,802,668,cat_0
7942,7585,891,230,cat_3
7943,6676,11,888,cat_3
7944,3102,335,686,cat_3
7945,4559,799,329,cat_3
7946,8690,79,383,cat_1
7947,4417,487,915,cat_4
7948,9388,928,367,cat_2
7949,8345,272,192,cat_4
7950,7027,675,316,cat_0
7951,4918,66,233,cat_1
7952,3173,456,533,cat_4
7953,8313,826,537,cat_1
7954,1842,250,22,cat_3
7955,40,998,157,cat_4
7956,9467,951,338,cat_2
7957,1316,583,890,cat_4
7958,4328,457,724,cat_2
7959,326,383,520,cat_0
7960,6590,613,645,cat_2
7961,8876,201,544,cat_2
7962,5172,911,964,cat_2
7963,3118,73,664,cat_4
7964,1435,66,491,cat_0
7965,2755,866,262,cat_0
7966,8093,290,239,cat_0
7967,2581,386,416,cat_4
7968,1304,118,57,cat_0
7969,812,268,329,cat_4
7970,5037,554,311,cat_1
7971,9279,408,536,cat_2
7972,7627,183,311,cat_2
7973,4818,987,57,cat_2
7974,8697,508,351,cat_0
7975,6101,1000,865,cat_0
7976,6914,371,71,cat_2
7977,6719,154,528,cat_1
7978,1247,983,689,cat_0
7979,8402,306,151,cat_4
7980,3171,506,974,cat_0
7981,4942,550,279,cat_4
7982,7659,752,855,cat_4
7983,800,130,156,cat_3
7984,5354,461,946,cat_4
7985,9121,851,576,cat_3
7986,7645,858,114,cat_2
7987,4090,632,755,cat_4
7988,1278,675,65,cat_4
7989,4709,693,725,cat_1
7990,7610,527,602,cat_1
7991,6288,711,392,cat_4
7992,7943,558,416,cat_2
7993,3851,817,718,cat_0
7994,1040,573,1,cat_0
7995,6965,701,405,cat_3
7996,5662,283,772,cat_4
7997,5735,930,326,cat_2
7998,6657,300,371,cat_1
7999,4328,992,748,cat_3
8000,2391,750,953,cat_0
8001,811,831,622,cat_1
8002,1151,895,815,cat_2
8003,2894,911,937,cat_4
8004,3146,7,794,cat_0
8005,29,810,789,cat_0
8006,4455,998,963,cat_4
8007,7574,949,297,cat_4
8008,4353,478,792,cat_1
8009,5111,426,955,cat_4
8010,5631,307,123,cat_4
8011,7356,876,613,cat_0
8012,3551,872,966,cat_0
8013,8644,435,621,cat_2
8014,1085,837,32,cat_3
8015,3140,723,307,cat_2
8016,3772,237,970,cat_4
8017,9260,865,713,cat_1
8018,3334,431,692,cat_2
8019,7016,102,680,cat_0
8020,8188,74,503,cat_4
8021,8616,593,835,cat_1
8022,8085,255,705,cat_0
8023,2554,814,393,cat_3
8024,9673,230,65,cat_3
8025,8375,33,501,cat_3
8026,6751,963,699,cat_0
8027,2174,954,509,cat_0
8028,1785,884,47,cat_2
8029,142,208,1,cat_3
8030,193,227,734,cat_3
8031,4137,116,801,cat_3
8032,6729,628,915,cat_4
8033,2007,883,281,cat_1
8034,2266,822,403,cat_4
8035,7650,65,248,cat_2
8036,903,115,415,cat_2
8037,3466,489,31,cat_1
8038,8615,287,834,cat_3
8039,2959,932,919,cat_3
8040,9048,868,864,cat_0
8041,3391,452,344,cat_1
8042,6545,354,646,cat_1
8043,905,779,792,cat_4
8044,7722,764,562,cat_4
8045,2638,131,213,cat_2
8046,7800,775,628,cat_3
8047,6937,864,212,cat_0
8048,8884,225,96,cat_4
8049,4234,27,479,cat_1
8050,8143,469,800,cat_0
8051,3195,562,188,cat_0
8052,3559,976,386,cat_0
8053,82,66,77,cat_3
8054,5715,15,754,cat_0
8055,7289,732,646,cat_0
8056,477,254,444,cat_2
8057,6901,724,968,cat_2
8058,6241,106,468,cat_2
8059,1777,302,320,cat_3
8060,1455,743,594,cat_1
8061,1539,831,138,cat_2
8062,994,439,556,cat_3
8063,1562,918,768,cat_1
8064,1531,134,836,cat_2
8065,707,284,721,cat_2
8066,1289,368,42,cat_0
8067,5492,276,255,cat_0
8068,2314,367,64,cat_0
8069,2509,372,263,cat_3
8070,3452,49,546,cat_2
8071,9233,616,721,cat_0
8072,2457,685,879,cat_4
8073,2926,583,461,cat_2
8074,6936,363,523,cat_0
8075,7243,260,123,cat_2
8076,8263,411,839,cat_4
8077,4906,112,244,cat_1
8078,2081,840,352,cat_4
8079,8032,903,294,cat_0
8080,9904,653,566,cat_3
8081,242,109,6,cat_1
8082,4891,179,265,cat_1
8083,7591,459,836,cat_3
8084,6568,959,488,cat_4
8085,6463,477,135,cat_3
8086,7995,773,616,cat_1
8087,7662,226,795,cat_3
8088,6346,731,303,cat_1
8089,9882,288,434,cat_4
8090,2293,301,32,cat_4
8091,9426,216,984,cat_4
8092,8867,61,181,cat_2
8093,6497,318,61,cat_3
8094,7953,14,445,cat_0
8095,3224,499,469,cat_2
8096,3790,658,296,cat_1
8097,5062,743,806,cat_2
8098,5546,924,860,cat_4
8099,8572,295,977,cat_3
8100,5573,763,186,cat_3
8101,9667,499,418,cat_1
8102,7970,522,134,cat_2
8103,2546,515,267,cat_2
8104,4553,662,435,cat_1
8105,1932,660,87,cat_1
8106,4025,602,786,cat_3
8107,7570,409,335,cat_2
8108,7955,237,724,cat_4
8109,7878,759,962,cat_3
8110,6488,785,480,cat_2
8111,5422,504,926,cat_3
8112,1700,538,276,cat_4
8113,2608,148,154,cat_0
8114,4092,595,439,cat_3
8115,8244,116,948,cat_4
8116,9372,456,3,cat_0
8117,4595,51,14,cat_0
8118,7354,423,234,cat_3
8119,6432,925,585,cat_1
8120,2332,386,836,cat_3
8121,1074,787,754,cat_3
8122,6677,406,488,cat_2
8123,4099,843,528,cat_0
8124,7895,901,656,cat_1
8125,7088,776,195,cat_2
8126,9998,289,414,cat_1
8127,3824,739,578,cat_2
8128,5033,90,691,cat_4
8129,9505,745,961,cat_0
8130,6869,384,776,cat_0
8131,5834,414,764,cat_0
8132,7438,745,718,cat_3
8133,3201,31,436,cat_1
8134,56,905,925,cat_2
8135,5617,181,495,cat_4
8136,5350,194,145,cat_1
8137,9112,464,204,cat_3
8138,7098,380,320,cat_3
8139,5592,185,483,cat_3
8140,4971,486,839,cat_4
8141,4328,175,544,cat_4
8142,7327,217,183,cat_3
8143,4138,770,91,cat_1
8144,9465,542,441,cat_4
8145,507,784,180,cat_2
8146,7054,355,326,cat_4
8147,1069,347,113,cat_0
8148,9409,313,828,cat_4
8149,5300,314,413,cat_4
8150,7891,281,471,cat_1
8151,8784,545,306,cat_4
8152,2733,834,417,cat_3
8153,2679,516,126,cat_1
8154,8889,663,776,cat_2
8155,8700,90,391,cat_3
8156,8655,751,712,cat_2
8157,9720,526,798,cat_2
8158,2854,438,413,cat_2
8159,4204,10,773,cat_1
8160,2241,872,110,cat_4
8161,4333,303,825,cat_4
8162,961,60,793,cat_3
8163,3835,58,284,cat_2
8164,3520,344,13,cat_4
8165,336,869,980,cat_3
8166,4890,398,118,cat_2
8167,2069,688,543,cat_1
8168,7536,231,5,cat_0
8169,7139,65,209,cat_4
8170,4578,253,775,cat_0
8171,9073,430,645,cat_3
8172,8416,229,393,cat_2
8173,9845,10,363,cat_4
8174,2103,41,607,cat_2
8175,3667,654,612,cat_4
8176,946,125,659,cat_2
8177,4243,326,476,cat_0
8178,8365,322,218,cat_4
8179,2498,421,71,cat_1
8180,1538,766,783,cat_1
8181,7472,566,317,cat_4
8182,1692,422,543,cat_1
8183,8318,671,348,cat_2
8184,8084,251,37,cat_2
8185,6227,269,312,cat_4
8186,6827,241,568,cat_2
8187,8501,928,124,cat_1
8188,4054,342,361,cat_3
8189,4641,146,514,cat_3
8190,4153,542,184,cat_0
8191,162,395,502,cat_4
8192,1748,51,423,cat_3
8193,9812,289,530,cat_3
8194,5407,891,803,cat_0
8195,1944,791,373,cat_1
8196,664,857,588,cat_2
8197,6651,83,89,cat_3
8198,381,551,859,cat_4
8199,2798,392,792,cat_2
8200,1240,50,877,cat_3
8201,6086,309,977,cat_1
8202,5856,632,373,cat_4
8203,5676,780,253,cat_1
8204,9894,790,823,cat_3
8205,8401,129,295,cat_1
8206,6946,17,650,cat_4
8207,2650,592,397,cat_4
8208,1302,452,676,cat_1
8209,3415,83,320,cat_1
8210,1825,324,59,cat_1
8211,1064,102,183,cat_4
8212,498,571,522,cat_2
8213,2627,689,346,cat_1
8214,2672,26,682,cat_2
8215,6549,895,737,cat_3
8216,2463,836,969,cat_0
8217,3974,288,509,cat_0
8218,6990,713,374,cat_4
8219,6192,640,947,cat_0
8220,1241,499,677,cat_2
8221,6543,631,790,cat_1
8222,5670,533,343,cat_4
8223,1954,132,294,cat_3
8224,8941,327,436,cat_1
8225,5399,957,553,cat_0
8226,5315,52,368,cat_1
8227,133,293,347,cat_3
8228,1176,767,404,cat_1
8229,8861,201,902,cat_4
8230,4018,866,899,cat_1
8231,7210,473,466,cat_3
8232,5691,464,213,cat_3
8233,9065,630,504,cat_4
8234,7737,659,84,cat_1
8235,6729,789,47,cat_1
8236,8454,803,464,cat_0
8237,1231,678,142,cat_4
8238,6036,816,262,cat_0
8239,7801,234,333,cat_1
8240,2942,464,568,cat_0
8241,7358,602,756,cat_3
8242,3913,186,31,cat_3
8243,5571,83,410,cat_2
8244,53,101,914,cat_4
8245,8740,418,828,cat_2
8246,5890,352,454,cat_2
8247,4119,133,742,cat_2
8248,8268,255,987,cat_2
8249,8812,383,585,cat_1
8250,6035,278,250,cat_4
8251,4392,45,7,cat_0
8252,1308,716,390,cat_2
8253,7233,451,508,cat_4
8254,52,625,768,cat_2
8255,4278,960,614,cat_0
8256,9063,91,839,cat_3
8257,1813,952,58,cat_4
8258,5047,33,199,cat_1
8259,4650,36,498,cat_1
8260,3865,354,424,cat_4
8261,1785,449,648,cat_3
8262,1338,968,662,cat_3
8263,4289,881,719,cat_4
8264,5988,492,224,cat_0
8265,1191,829,961,cat_4
8266,4450,573,18,cat_2
8267,5513,119,384,cat_2
8268,3340,308,298,cat_3
8269,3271,411,44,cat_0
8270,5860,860,722,cat_0
8271,226,661,435,cat_1
8272,5440,609,842,cat_3
8273,1135,909,681,cat_3
8274,1276,396,24,cat_3
8275,4870,827,554,cat_1
8276,4499,909,589,cat_3
8277,5130,594,51,cat_2
8278,5305,118,806,cat_1
8279,1224,339,705,cat_2
8280,6364,529,64,cat_0
8281,8715,276,186,cat_4
8282,9195,641,687,cat_4
8283,6909,833,937,cat_4
8284,529,295,390,cat_4
8285,2646,490,356,cat_0
8286,7079,606,109,cat_4
8287,5837,726,308,cat_4
8288,951,570,852,cat_1
8289,3037,432,736,cat_1
8290,3800,153,846,cat_3
8291,4136,113,421,cat_2
8292,6628,296,377,cat_0
8293,1849,228,371,cat_1
8294,8456,556,586,cat_3
8295,70,566,852,cat_1
8296,9275,381,55,cat_4
8297,4713,343,160,cat_3
8298,4726,848,250,cat_0
8299,6721,616,853,cat_4
8300,6692,641,334,cat_2
8301,9663,131,744,cat_0
8302,9247,59,197,cat_2
8303,8126,279,752,cat_0
8304,7810,840,796,cat_0
8305,3127,824,964,cat_3
8306,2892,710,820,cat_3
8307,7433,720,721,cat_3
8308,96,445,449,cat_3
8309,8615,884,264,cat_3
8310,6707,662,219,cat_4
8311,522,132,99,cat_2
8312,4260,934,332,cat_1
8313,4414,366,244,cat_4
8314,7276,6,483,cat_4
8315,7244,435,816,cat_1
8316,9826,347,583,cat_1
8317,3265,870,296,cat_1
8318,5841,419,360,cat_0
8319,7244,793,365,cat_1
8320,9938,475,12,cat_0
8321,1788,909,824,cat_2
8322,6225,946,312,cat_4
8323,1855,226,322,cat_2
8324,6277,703,381,cat_2
8325,2715,977,937,cat_2
8326,4296,529,751,cat_3
8327,4194,769,7,cat_3
8328,6200,597,105,cat_0
8329,8829,238,1,cat_0
8330,8473,408,400,cat_4
8331,5111,825,845,cat_1
8332,4746,869,190,cat_0
8333,4938,206,982,cat_2
8334,8141,362,986,cat_3
8335,6047,19,992,cat_0
8336,3618,845,411,cat_0
8337,6463,832,762,cat_1
8338,4355,144,66,cat_1
8339,9917,765,680,cat_0
8340,6793,963,700,cat_0
8341,4989,185,388,cat_2
8342,9178,587,316,cat_2
8343,6884,29,182,cat_2
8344,2710,811,393,cat_4
8345,4274,799,306,cat_4
8346,540,529,703,cat_3
8347,889,640,659,cat_3
8348,2685,103,77,cat_3
8349,2625,22,314,cat_1
8350,1017,46,654,cat_3
8351,2686,97,165,cat_4
8352,1696,694,150,cat_3
8353,2540,798,46,cat_1
8354,518,695,430,cat_3
8355,5975,194,15,cat_3
8356,1317,94,551,cat_1
8357,4566,572,554,cat_3
8358,8509,65,809,cat_4
8359,4831,114,297,cat_0
8360,2592,655,409,cat_3
8361,1266,894,204,cat_0
8362,4806,945,40,cat_2
8363,5134,669,708,cat_4
8364,4002,939,907,cat_0
8365,6154,994,46,cat_1
8366,1924,77,538,cat_3
8367,2620,415,261,cat_0
8368,2409,679,268,cat_0
8369,4056,743,957,cat_3
8370,9949,60,366,cat_3
8371,84,338,178,cat_0
8372,6179,170,763,cat_1
8373,6308,615,27,cat_1
8374,1717,32,706,cat_3
8375,2976,445,137,cat_3
8376,8160,575,891,cat_0
8377,935,223,683,cat_4
8378,1814,893,386,cat_3
8379,7927,744,498,cat_4
8380,4841,118,746,cat_2
8381,4485,407,380,cat_4
8382,1999,130,295,cat_3
8383,2715,761,229,cat_1
8384,6784,853,910,cat_2
8385,1671,218,263,cat_4
8386,6496,230,642,cat_3
8387,4655,34,963,cat_2
8388,8280,996,488,cat_0
8389,7750,676,897,cat_1
8390,5213,159,22,cat_4
8391,2210,644,829,cat_4
8392,8082,199,144,cat_0
8393,8999,52,124,cat_2
8394,8738,702,396,cat_0
8395,7850,376,18,cat_1
8396,6585,444,503,cat_1
8397,9956,978,189,cat_2
8398,8142,700,934,cat_2
8399,9886,84,50,cat_4
8400,7909,172,643,cat_1
8401,3714,92,796,cat_3
8402,6752,781,203,cat_1
8403,4686,380,776,cat_1
8404,2448,719,507,cat_1
8405,6871,621,859,cat_0
8406,2714,706,310,cat_4
8407,8016,794,250,cat_0
8408,890,387,490,cat_0
8409,4469,192,764,cat_1
8410,7664,630,952,cat_1
8411,3984,607,333,cat_2
8412,1898,236,540,cat_3
8413,3362,969,194,cat_1
8414,23,773,203,cat_4
8415,3165,305,178,cat_3
8416,7570,862,9,cat_3
8417,5426,614,690,cat_4
8418,8315,636,866,cat_2
8419,7067,521,959,cat_1
8420,6902,459,202,cat_3
8421,296,830,323,cat_4
8422,5492,283,419,cat_2
8423,6788,915,279,cat_3
8424,4832,455,898,cat_2
8425,1651,323,205,cat_1
8426,4933,140,401,cat_2
8427,7916,895,605,cat_1
8428,2195,526,239,cat_4
8429,5008,789,729,cat_0
8430,4308,28,485,cat_1
8431,1352,364,849,cat_3
8432,4448,365,53,cat_1
8433,3214,731,274,cat_2
8434,2371,308,100,cat_3
8435,8618,240,784,cat_1
8436,4712,178,225,cat_0
8437,7553,141,476,cat_2
8438,9957,281,617,cat_0
8439,258,885,738,cat_4
8440,6409,524,841,cat_0
8441,8883,141,43,cat_3
8442,6919,244,539,cat_1
8443,1027,658,92,cat_3
8444,7540,246,481,cat_4
8445,910,716,862,cat_0
8446,1374,782,390,cat_4
8447,5102,938,817,cat_0
8448,9216,103,919,cat_4
8449,8971,392,595,cat_0
8450,2035,741,902,cat_3
8451,3972,426,90,cat_0
8452,1716,921,859,cat_2
8453,2287,753,98,cat_3
8454,3796,222,617,cat_3
8455,9785,553,68,cat_3
8456,7068,656,353,cat_4
8457,6987,131,603,cat_2
8458,8668,116,998,cat_1
8459,6757,272,987,cat_2
8460,7229,579,700,cat_0
8461,6768,662,931,cat_4
8462,852,916,940,cat_1
8463,5221,519,121,cat_3
8464,1617,791,65,cat_4
8465,2574,868,977,cat_4
8466,5211,262,216,cat_2
8467,9299,440,327,cat_2
8468,3994,587,958,cat_0
8469,6780,212,379,cat_1
8470,2790,678,477,cat_4
8471,9391,778,46,cat_1
8472,5587,401,298,cat_1
8473,7886,360,971,cat_4
8474,3850,614,236,cat_4
8475,2179,878,953,cat_4
8476,1205,707,829,cat_3
8477,4928,981,459,cat_3
8478,3526,463,58,cat_4
8479,8190,406,618,cat_1
8480,6401,220,917,cat_4
8481,6262,622,564,cat_2
8482,4844,63,748,cat_2
8483,2983,317,84,cat_4
8484,3994,152,491,cat_0
8485,3202,732,971,cat_3
8486,3708,766,385,cat_1
8487,5674,543,524,cat_2
8488,6383,845,662,cat_0
8489,9317,184,448,cat_3
8490,1836,292,496,cat_3
8491,2525,455,80,cat_2
8492,6357,93,875,cat_4
8493,9887,441,258,cat_0
8494,3782,316,672,cat_3
8495,9180,362,188,cat_1
8496,9341,507,403,cat_1
8497,1481,411,533,cat_1
8498,6721,489,634,cat_0
8499,9938,284,949,cat_3
8500,1531,302,556,cat_3
8501,9202,969,329,cat_0
8502,2019,212,805,cat_4
8503,2230,800,747,cat_4
8504,7853,516,310,cat_1
8505,849,419,58,cat_3
8506,797,81,87,cat_1
8507,3519,969,730,cat_4
8508,8518,198,14,cat_2
8509,2859,663,71,cat_4
8510,8680,901,350,cat_4
8511,2847,704,661,cat_2
8512,4512,667,239,cat_3
8513,2128,296,415,cat_2
8514,1309,530,10,cat_0
8515,5552,604,863,cat_3
8516,2675,633,505,cat_0
8517,7955,862,902,cat_2
8518,1149,853,429,cat_0
8519,3764,356,732,cat_3
8520,3834,23,581,cat_4
8521,2013,63,288,cat_0
8522,5824,473,838,cat_0
8523,7714,725,423,cat_2
8524,7314,926,900,cat_3
8525,5032,278,979,cat_0
8526,7115,207,386,cat_2
8527,4276,991,877,cat_2
8528,1170,66,204,cat_3
8529,4026,389,790,cat_2
8530,5279,576,294,cat_0
8531,6343,574,264,cat_3
8532,7575,867,346,cat_4
8533,2170,12,564,cat_0
8534,8884,237,659,cat_4
8535,7139,927,626,cat_1
8536,311,40,529,cat_4
8537,5435,250,99,cat_3
8538,6089,773,402,cat_1
8539,8999,792,471,cat_2
8540,7946,810,489,cat_4
8541,769,357,51,cat_2
8542,2403,153,914,cat_1
8543,2102,445,715,cat_4
8544,1720,241,532,cat_4
8545,4338,318,553,cat_0
8546,5605,933,588,cat_2
8547,1110,933,546,cat_3
8548,9886,196,543,cat_1
8549,5755,48,7,cat_4
8550,80,168,416,cat_2
8551,2145,980,881,cat_0
8552,733,576,264,cat_4
8553,6967,343,576,cat_4
8554,2182,635,969,cat_4
8555,9417,957,163,cat_1
8556,1289,676,447,cat_1
8557,5104,869,199,cat_1
8558,2592,584,520,cat_4
8559,9053,587,882,cat_3
8560,1907,984,715,cat_0
8561,7577,827,313,cat_1
8562,9928,14,308,cat_4
8563,8415,435,851,cat_3
8564,9943,670,57,cat_2
8565,8797,837,866,cat_3
8566,5420,358,222,cat_4
8567,7633,490,553,cat_4
8568,4279,514,720,cat_0
8569,1484,80,159,cat_1
8570,1965,837,933,cat_1
8571,1559,543,996,cat_1
8572,4857,683,444,cat_3
8573,7196,384,932,cat_1
8574,814,735,887,cat_4
8575,3978,232,819,cat_1
8576,4030,553,353,cat_1
8577,6607,326,343,cat_1
8578,5021,11,332,cat_1
8579,612,957,603,cat_3
8580,247,851,729,cat_1
8581,6975,937,527,cat_1
8582,552,619,542,cat_2
8583,5504,329,460,cat_0
8584,6512,947,895,cat_2
8585,9184,263,430,cat_3
8586,2380,742,733,cat_2
8587,531,604,171,cat_1
8588,9698,873,141,cat_0
8589,4822,247,826,cat_0
8590,2111,185,469,cat_0
8591,5961,456,166,cat_1
8592,9796,776,1,cat_0
8593,8823,426,54,cat_2
8594,7135,804,28,cat_0
8595,7628,349,66,cat_2
8596,3000,85,533,cat_3
8597,1401,476,840,cat_4
8598,6590,353,584,cat_0
8599,5672,765,802,cat_3
8600,5767,882,746,cat_0
8601,2610,6,418,cat_0
8602,1746,570,174,cat_4
8603,7445,890,580,cat_3
8604,1759,507,543,cat_0
8605,4704,492,54,cat_2
8606,5001,326,446,cat_3
8607,6688,423,342,cat_3
8608,6464,419,37,cat_3
8609,2443,568,651,cat_1
8610,2320,763,731,cat_1
8611,6479,339,706,cat_1
8612,5078,679,370,cat_1
8613,6369,733,200,cat_0
8614,2748,891,717,cat_4
8615,3541,617,632,cat_3
8616,8388,370,495,cat_0
8617,9671,379,645,cat_1
8618,190,604,283,cat_2
8619,3407,535,509,cat_2
8620,928,945,605,cat_2
8621,4511,395,663,cat_2
8622,2143,888,694,cat_4
8623,7808,89,331,cat_0
8624,240,829,109,cat_3
8625,8401,998,242,cat_1
8626,331,160,404,cat_0
8627,8203,538,793,cat_2
8628,1157,46,478,cat_4
8629,4468,964,236,cat_1
8630,6123,204,558,cat_2
8631,6848,973,802,cat_2
8632,6167,515,493,cat_0
8633,1783,789,891,cat_1
8634,3660,828,127,cat_1
8635,1669,12,678,cat_0
8636,2736,282,884,cat_1
8637,1518,367,997,cat_3
8638,2684,684,413,cat_0
8639,6196,555,364,cat_4
8640,124,555,237,cat_1
8641,2672,897,95,cat_1
8642,5352,884,848,cat_0
8643,761,674,563,cat_0
8644,1704,970,761,cat_3
8645,4031,929,803,cat_1
8646,319,248,368,cat_2
8647,1758,866,804,cat_3
8648,2902,684,802,cat_1
8649,4146,735,296,cat_4
8650,9442,71,628,cat_1
8651,8039,687,190,cat_1
8652,4683,664,572,cat_1
8653,4048,629,117,cat_2
8654,1858,31,268,cat_2
8655,6120,431,718,cat_3
8656,2826,527,435,cat_1
8657,8662,967,795,cat_0
8658,2586,213,990,cat_2
8659,3418,436,521,cat_0
8660,648,351,552,cat_3
8661,6589,880,208,cat_2
8662,5136,291,172,cat_1
8663,4787,335,36,cat_4
8664,5128,187,652,cat_3
8665,6453,652,776,cat_3
8666,981,499,8,cat_2
8667,3972,884,923,cat_4
8668,5916,898,580,cat_3
8669,7526,198,516,cat_0
8670,4301,743,502,cat_1
8671,1718,975,989,cat_3
8672,9274,59,638,cat_2
8673,7727,751,229,cat_4
8674,7019,278,165,cat_4
8675,8519,611,717,cat_4
8676,1985,287,697,cat_3
8677,1125,544,753,cat_1
8678,9730,856,477,cat_2
8679,9348,626,912,cat_4
8680,1182,638,61,cat_2
8681,6967,978,229,cat_3
8682,7078,233,14,cat_2
8683,7756,461,519,cat_0
8684,7177,299,821,cat_0
8685,7926,589,461,cat_3
8686,2334,139,457,cat_4
8687,4990,667,596,cat_4
8688,9472,371,335,cat_3
8689,2278,94,679,cat_3
8690,3364,729,987,cat_4
8691,7481,856,890,cat_1
8692,6134,970,202,cat_2
8693,6263,838,950,cat_0
8694,2078,140,913,cat_2
8695,7157,468,974,cat_4
8696,2311,950,244,cat_2
8697,5055,85,527,cat_4
8698,8265,855,174,cat_0
8699,486,154,628,cat_1
8700,5890,356,331,cat_3
8701,7404,152,352,cat_0
8702,3475,642,731,cat_0
8703,3519,910,476,cat_4
8704,391,727,961,cat_0
8705,7124,926,859,cat_3
8706,3332,734,711,cat_0
8707,56,509,163,cat_4
8708,2965,40,958,cat_0
8709,8996,202,225,cat_4
8710,9544,861,943,cat_4
8711,2163,6,883,cat_3
8712,9093,944,83,cat_4
8713,7367,931,516,cat_0
8714,4244,606,502,cat_2
8715,1993,680,264,cat_2
8716,8899,352,644,cat_4
8717,4853,583,866,cat_4
8718,7402,502,585,cat_0
8719,3170,114,147,cat_3
8720,1836,469,680,cat_1
8721,159,146,870,cat_2
8722,8360,578,135,cat_0
8723,3197,180,723,cat_0
8724,9800,864,159,cat_2
8725,4911,288,3,cat_0
8726,2863,829,878,cat_0
8727,6508,509,106,cat_1
8728,9201,408,622,cat_3
8729,8387,835,642,cat_4
8730,8773,650,962,cat_0
8731,1097,435,641,cat_1
8732,9183,411,122,cat_1
8733,3419,47,872,cat_3
8734,2482,109,658,cat_2
8735,7009,9,268,cat_1
8736,8112,913,859,cat_1
8737,1496,48,173,cat_2
8738,7937,65,468,cat_0
8739,268,221,296,cat_2
8740,6101,777,730,cat_0
8741,2926,204,104,cat_3
8742,9431,356,152,cat_1
8743,8531,23,520,cat_4
8744,1075,374,550,cat_3
8745,2369,536,956,cat_4
8746,3256,506,353,cat_0
8747,4265,896,930,cat_1
8748,3864,61,550,cat_2
8749,133,551,329,cat_2
8750,9170,841,511,cat_2
8751,6068,760,437,cat_1
8752,8635,290,217,cat_1
8753,8135,224,124,cat_0
8754,1599,618,107,cat_2
8755,2672,257,364,cat_4
8756,3944,374,659,cat_3
8757,4432,240,296,cat_2
8758,5025,645,377,cat_2
8759,3177,107,933,cat_4
8760,7664,772,511,cat_4
8761,9472,688,212,cat_1
8762,4248,683,907,cat_2
8763,5622,180,921,cat_2
8764,2060,468,216,cat_4
8765,8303,213,529,cat_4
8766,991,209,608,cat_1
8767,8676,295,991,cat_0
8768,8531,474,564,cat_4
8769,9056,760,386,cat_1
8770,4046,594,283,cat_3
8771,4651,368,291,cat_2
8772,134,347,881,cat_3
8773,9654,201,239,cat_0
8774,5966,414,284,cat_4
8775,327,301,952,cat_3
8776,8195,288,501,cat_1
8777,7705,18,125,cat_0
8778,7766,318,628,cat_4
8779,7591,651,145,cat_2
8780,6382,262,640,cat_0
8781,6274,890,478,cat_2
8782,8356,412,443,cat_1
8783,7654,130,648,cat_2
8784,5309,512,291,cat_1
8785,1049,679,400,cat_1
8786,6265,511,584,cat_2
8787,9990,54,618,cat_2
8788,2192,605,772,cat_1
8789,5049,769,73,cat_1
8790,9639,361,364,cat_3
8791,5218,740,33,cat_3
8792,2194,451,517,cat_0
8793,8815,200,925,cat_4
8794,1546,937,401,cat_0
8795,285,552,407,cat_2
8796,5973,18,906,cat_1
8797,9790,697,413,cat_2
8798,6007,346,395,cat_3
8799,4126,687,788,cat_4
8800,5902,229,723,cat_1
8801,4800,905,372,cat_2
8802,9039,124,450,cat_2
8803,6741,383,310,cat_0
8804,5472,346,850,cat_1
8805,7022,108,352,cat_3
8806,5236,58,76,cat_3
8807,3595,470,569,cat_2
8808,6610,3,918,cat_2
8809,9053,600,672,cat_1
8810,4454,611,355,cat_1
8811,1432,546,285,cat_2
8812,1786,388,48,cat_4
8813,5926,54,892,cat_3
8814,798,818,113,cat_3
8815,1326,563,113,cat_2
8816,334,166,236,cat_1
8817,6011,72,655,cat_0
8818,1550,544,954,cat_3
8819,9820,363,366,cat_4
8820,9358,710,237,cat_4
8821,6390,141,761,cat_3
8822,3670,364,488,cat_2
8823,1303,60,444,cat_2
8824,4064,999,992,cat_3
8825,3232,923,642,cat_4
8826,3850,817,988,cat_0
8827,7275,798,687,cat_2
8828,5034,48,724,cat_0
8829,5612,603,944,cat_0
8830,4601,327,845,cat_2
8831,5436,165,95,cat_2
8832,1983,185,127,cat_3
8833,1366,326,533,cat_3
8834,4845,837,898,cat_1
8835,6023,292,634,cat_2
8836,2243,382,214,cat_4
8837,1267,479,584,cat_2
8838,4155,17,7,cat_0
8839,8127,497,713,cat_0
8840,500,847,336,cat_3
8841,3890,140,125,cat_1
8842,7744,943,514,cat_0
8843,7440,905,685,cat_3
8844,5874,655,32,cat_2
8845,6050,95,282,cat_0
8846,31,637,183,cat_1
8847,4611,593,973,cat_4
8848,7848,450,70,cat_1
8849,8070,162,580,cat_2
8850,4187,542,848,cat_2
8851,8185,580,778,cat_4
8852,6876,852,864,cat_0
8853,9587,196,519,cat_0
8854,4876,106,861,cat_1
8855,5789,963,405,cat_3
8856,1008,656,40,cat_4
8857,6963,129,410,cat_4
8858,110,307,219,cat_0
8859,7321,504,582,cat_0
8860,4593,345,218,cat_3
8861,1842,302,60,cat_4
8862,1551,623,286,cat_3
8863,3840,799,207,cat_3
8864,5559,528,874,cat_3
8865,6545,719,98,cat_2
8866,5125,54,592,cat_1
8867,5401,805,404,cat_1
8868,3670,152,573,cat_2
8869,7259,741,792,cat_2
8870,5796,481,122,cat_0
8871,6348,656,769,cat_4
8872,9550,627,425,cat_2
8873,7081,575,510,cat_2
8874,7117,919,825,cat_1
8875,9786,180,941,cat_2
8876,4217,817,528,cat_0
8877,2597,779,353,cat_1
8878,5002,850,563,cat_0
8879,2489,109,848,cat_4
8880,8318,640,82,cat_4
8881,1590,128,790,cat_2
8882,657,8,551,cat_2
8883,1132,306,195,cat_3
8884,2528,30,211,cat_2
8885,2138,975,864,cat_0
8886,6377,69,873,cat_4
8887,8144,357,963,cat_4
8888,1004,960,314,cat_3
8889,2962,520,786,cat_4
8890,3346,9,701,cat_4
8891,3196,780,343,cat_1
8892,7293,575,100,cat_3
8893,5502,19,813,cat_0
8894,34,197,67,cat_3
8895,6671,671,126,cat_0
8896,8352,886,425,cat_2
8897,3893,813,746,cat_3
8898,4263,972,646,cat_0
8899,8649,324,967,cat_1
8900,8699,21,783,cat_1
8901,3511,574,868,cat_1
8902,4343,467,224,cat_1
8903,3005,438,606,cat_3
8904,6542,326,332,cat_2
8905,271,312,294,cat_4
8906,8424,578,525,cat_2
8907,2331,567,668,cat_3
8908,2913,622,315,cat_0
8909,977,674,254,cat_4
8910,3570,380,661,cat_2
8911,5477,491,422,cat_0
8912,4467,49,573,cat_4
8913,9097,815,316,cat_4
8914,6885,340,684,cat_4
8915,1604,546,928,cat_1
8916,334,489,757,cat_0
8917,4259,220,205,cat_4
8918,763,686,734,cat_1
8919,1293,12,79,cat_4
8920,3929,442,796,cat_1
8921,5744,137,523,cat_4
8922,6843,175,551,cat_3
8923,2421,756,497,cat_4
8924,6044,746,107,cat_3
8925,7482,387,230,cat_1
8926,840,860,592,cat_1
8927,1703,15,449,cat_1
8928,4654,878,387,cat_3
8929,2643,631,898,cat_1
8930,9968,538,342,cat_1
8931,1246,249,537,cat_2
8932,6692,810,231,cat_0
8933,709,847,491,cat_1
8934,7468,940,237,cat_4
8935,8989,843,868,cat_0
8936,8571,70,168,cat_3
8937,9945,303,641,cat_0
8938,3050,975,43,cat_4
8939,8805,545,139,cat_2
8940,6093,365,616,cat_1
8941,1504,623,85,cat_3
8942,2315,667,694,cat_2
8943,9665,286,119,cat_3
8944,2946,444,301,cat_3
8945,2296,448,736,cat_4
8946,4567,927,86,cat_0
8947,731,930,207,cat_0
8948,1182,4,893,cat_3
8949,1345,4,668,cat_4
8950,9907,979,102,cat_3
8951,7485,15,981,cat_3
8952,434,546,253,cat_3
8953,7053,943,894,cat_4
8954,354,30,804,cat_2
8955,1158,169,175,cat_2
8956,4094,501,695,cat_1
8957,3190,583,777,cat_3
8958,4596,526,607,cat_4
8959,3584,321,294,cat_4
8960,6904,810,379,cat_2
8961,653,292,663,cat_2
8962,4535,631,574,cat_0
8963,7994,987,284,cat_2
8964,1461,74,275,cat_1
8965,5573,818,919,cat_4
8966,4361,323,220,cat_0
8967,7873,882,371,cat_4
8968,7178,776,76,cat_0
8969,647,418,838,cat_3
8970,3671,547,543,cat_0
8971,3151,793,848,cat_1
8972,5679,229,434,cat_2
8973,7861,157,263,cat_0
8974,4181,146,502,cat_2
8975,3055,25,594,cat_2
8976,6308,89,568,cat_4
8977,7434,29,21,cat_1
8978,1960,316,796,cat_0
8979,4589,537,490,cat_1
8980,5363,858,187,cat_4
8981,4757,507,162,cat_1
8982,7772,723,476,cat_2
8983,3809,918,475,cat_2
8984,1665,388,881,cat_2
8985,2683,429,325,cat_1
8986,6964,579,575,cat_4
8987,3185,940,763,cat_0
8988,2606,342,581,cat_0
8989,1589,115,837,cat_1
8990,8108,482,171,cat_1
8991,8546,359,815,cat_4
8992,4847,433,128,cat_1
8993,4088,175,904,cat_3
8994,3807,632,12,cat_4
8995,5677,174,946,cat_4
8996,8483,78,236,cat_4
8997,1808,90,460,cat_1
8998,14,995,934,cat_0
8999,6684,22,643,cat_4
9000,677,124,436,cat_1
9001,485,835,143,cat_1
9002,778,62,888,cat_0
9003,809,769,899,cat_1
9004,1897,786,243,cat_0
9005,1968,21,663,cat_0
9006,3635,963,793,cat_3
9007,1050,446,249,cat_0
9008,1206,449,182,cat_1
9009,2608,604,694,cat_0
9010,5933,406,236,cat_0
9011,2016,165,756,cat_3
9012,95,669,804,cat_1
9013,7536,227,263,cat_3
9014,8439,693,162,cat_4
9015,3579,172,801,cat_2
9016,3077,373,494,cat_1
9017,1974,666,326,cat_0
9018,8114,214,155,cat_3
9019,8061,790,979,cat_4
9020,7362,366,889,cat_1
9021,6312,609,29,cat_3
9022,1221,711,108,cat_2
9023,2799,72,836,cat_0
9024,7736,890,416,cat_4
9025,2673,465,277,cat_4
9026,609,424,342,cat_0
9027,7462,519,377,cat_2
9028,1092,794,98,cat_2
9029,8437,165,16,cat_0
9030,6489,930,995,cat_1
9031,9568,341,134,cat_3
9032,3322,518,894,cat_3
9033,5982,317,218,cat_4
9034,580,888,901,cat_2
9035,9409,427,948,cat_1
9036,3304,912,192,cat_3
9037,1765,15,138,cat_0
9038,4358,237,542,cat_0
9039,8367,588,352,cat_3
9040,3359,296,869,cat_1
9041,8766,683,731,cat_0
9042,340,320,295,cat_3
9043,7751,337,201,cat_3
9044,2173,57,10,cat_0
9045,8311,652,710,cat_0
9046,2143,761,601,cat_4
9047,8935,123,983,cat_4
9048,9724,714,135,cat_3
9049,7250,432,876,cat_0
9050,7808,880,641,cat_4
9051,1865,648,776,cat_4
9052,5426,409,481,cat_4
9053,4716,458,411,cat_3
9054,7006,745,854,cat_0
9055,2026,909,961,cat_2
9056,1778,199,705,cat_3
9057,588,571,38,cat_1
9058,5703,556,961,cat_2
9059,3647,393,940,cat_4
9060,8876,156,392,cat_1
9061,6335,50,679,cat_1
9062,2409,397,101,cat_4
9063,2311,95,855,cat_1
9064,2418,436,63,cat_0
9065,1300,285,498,cat_1
9066,5257,772,965,cat_1
9067,1748,609,58,cat_2
9068,9902,663,379,cat_3
9069,2286,580,308,cat_2
9070,1892,441,666,cat_3
9071,985,332,1,cat_4
9072,55,858,743,cat_0
9073,4361,731,153,cat_4
9074,9484,183,418,cat_3
9075,2806,259,849,cat_2
9076,8515,569,693,cat_4
9077,3271,131,254,cat_3
9078,5746,910,28,cat_3
9079,4669,56,470,cat_4
9080,4377,290,797,cat_2
9081,5250,281,219,cat_1
9082,1325,925,992,cat_1
9083,4091,596,197,cat_3
9084,2975,12,324,cat_4
9085,6223,934,584,cat_4
9086,4734,441,590,cat_1
9087,3417,544,87,cat_3
9088,8583,196,321,cat_2
9089,3815,721,334,cat_1
9090,2331,637,312,cat_0
9091,3566,26,469,cat_2
9092,5155,88,300,cat_4
9093,347,473,514,cat_4
9094,2365,169,474,cat_4
9095,3808,809,456,cat_2
9096,5976,320,276,cat_2
9097,6099,491,746,cat_1
9098,9877,176,142,cat_4
9099,6631,530,21,cat_4
9100,1014,183,67,cat_4
9101,3563,952,447,cat_0
9102,1942,136,829,cat_1
9103,4496,117,512,cat_0
9104,7446,947,473,cat_3
9105,8084,77,383,cat_0
9106,2993,925,873,cat_0
9107,5023,819,454,cat_1
9108,2485,590,451,cat_3
9109,1301,129,612,cat_3
9110,4260,730,941,cat_0
9111,7794,285,147,cat_3
9112,3729,113,790,cat_2
9113,8012,677,755,cat_1
9114,3956,243,331,cat_1
9115,2995,748,37,cat_3
9116,4439,399,307,cat_1
9117,5269,210,993,cat_1
9118,9478,91,249,cat_0
9119,75,534,408,cat_2
9120,4436,439,257,cat_2
9121,2886,83,897,cat_0
9122,8671,588,556,cat_4
9123,6502,707,599,cat_2
9124,4412,57,823,cat_2
9125,8794,474,843,cat_0
9126,3228,264,541,cat_1
9127,7179,793,829,cat_1
9128,2466,889,170,cat_0
9129,5769,667,741,cat_0
9130,2221,242,200,cat_3
9131,3811,203,225,cat_4
9132,7776,919,58,cat_1
9133,1177,869,1,cat_0
9134,2009,479,934,cat_4
9135,4668,906,563,cat_1
9136,7569,677,770,cat_4
9137,8802,688,781,cat_3
9138,8468,289,852,cat_4
9139,4546,919,757,cat_2
9140,1059,73,256,cat_3
9141,2696,576,435,cat_2
9142,9759,506,608,cat_0
9143,9096,945,680,cat_3
9144,4709,477,995,cat_1
9145,3768,555,742,cat_2
9146,2654,445,149,cat_0
9147,223,54,482,cat_4
9148,6496,611,347,cat_1
9149,9526,234,483,cat_2
9150,4629,313,593,cat_4
9151,4513,455,773,cat_2
9152,796,954,513,cat_2
9153,8055,528,600,cat_2
9154,7424,541,472,cat_4
9155,7860,382,475,cat_0
9156,5507,453,569,cat_1
9157,1482,199,453,cat_2
9158,4843,669,821,cat_1
9159,4121,566,638,cat_2
9160,2776,777,94,cat_4
9161,8099,747,43,cat_4
9162,9110,617,13,cat_4
9163,9281,611,877,cat_3
9164,8864,535,328,cat_0
9165,2071,847,397,cat_3
9166,4479,372,396,cat_1
9167,4708,973,318,cat_3
9168,6071,729,160,cat_1
9169,4578,357,152,cat_0
9170,9053,427,721,cat_0
9171,7306,66,145,cat_3
9172,9147,710,45,cat_0
9173,6317,656,832,cat_3
9174,8545,74,416,cat_3
9175,835,818,109,cat_2
9176,2275,96,220,cat_1
9177,7771,456,531,cat_1
9178,1958,617,106,cat_3
9179,3896,647,8,cat_2
9180,3034,983,424,cat_3
9181,4937,855,816,cat_3
9182,5391,322,904,cat_0
9183,1101,195,141,cat_0
9184,7838,396,687,cat_2
9185,3951,596,586,cat_1
9186,9089,782,651,cat_1
9187,3721,873,184,cat_2
9188,2500,148,696,cat_3
9189,1455,346,112,cat_3
9190,6446,670,751,cat_0
9191,6018,266,483,cat_2
9192,2176,39,387,cat_0
9193,8107,440,268,cat_0
9194,9113,196,210,cat_0
9195,4107,323,166,cat_4
9196,4978,43,682,cat_2
9197,7955,811,876,cat_3
9198,3543,56,736,cat_4
9199,7397,641,32,cat_1
9200,4045,926,526,cat_3
9201,8375,754,379,cat_4
9202,6913,202,724,cat_0
9203,5909,260,575,cat_0
9204,1761,903,533,cat_4
9205,7153,920,236,cat_1
9206,1856,337,975,cat_0
9207,9112,966,728,cat_1
9208,5880,815,901,cat_4
9209,6736,534,848,cat_2
9210,5378,372,65,cat_1
9211,9842,656,873,cat_0
9212,9007,610,142,cat_2
9213,4418,293,692,cat_3
9214,5193,345,434,cat_3
9215,2200,122,772,cat_3
9216,8146,8,510,cat_1
9217,5353,298,349,cat_3
9218,3744,745,134,cat_1
9219,7839,294,834,cat_2
9220,2406,14,137,cat_0
9221,5826,587,965,cat_2
9222,7728,242,927,cat_2
9223,1646,994,312,cat_4
9224,9370,615,759,cat_1
9225,4011,986,278,cat_0
9226,1828,154,315,cat_4
9227,2872,692,807,cat_0
9228,7682,649,736,cat_1
9229,8596,208,192,cat_4
9230,8713,947,517,cat_3
9231,7021,271,701,cat_4
9232,7754,306,653,cat_4
9233,9508,230,104,cat_2
9234,3976,301,313,cat_0
9235,3077,623,863,cat_4
9236,4301,494,229,cat_0
9237,7931,801,112,cat_4
9238,630,347,634,cat_3
9239,5152,335,653,cat_0
9240,1385,768,769,cat_1
9241,8961,548,987,cat_4
9242,8905,998,79,cat_4
9243,815,744,765,cat_4
9244,2474,512,323,cat_1
9245,9606,89,595,cat_0
9246,5218,950,560,cat_2
9247,2700,22,667,cat_0
9248,1029,658,887,cat_4
9249,6740,638,35,cat_3
9250,6186,477,260,cat_4
9251,1568,462,25,cat_4
9252,8468,244,574,cat_3
9253,8471,243,148,cat_2
9254,2993,684,539,cat_3
9255,7085,122,406,cat_0
9256,2169,907,850,cat_1
9257,6634,699,731,cat_3
9258,9474,256,128,cat_1
9259,6602,436,706,cat_3
9260,3951,807,996,cat_2
9261,9239,334,291,cat_4
9262,6034,902,382,cat_2
9263,909,38,959,cat_1
9264,4031,169,365,cat_2
9265,2950,498,778,cat_0
9266,9107,321,481,cat_2
9267,5926,418,815,cat_3
9268,9836,767,307,cat_0
9269,2237,380,844,cat_1
9270,9190,497,386,cat_4
9271,8048,173,755,cat_0
9272,2490,838,101,cat_0
9273,9263,692,288,cat_0
9274,1879,881,423,cat_0
9275,8080,337,257,cat_3
9276,687,864,254,cat_2
9277,1778,604,165,cat_1
9278,7285,860,946,cat_1
9279,4573,2,885,cat_0
9280,2411,516,924,cat_0
9281,8835,682,995,cat_2
9282,2808,762,165,cat_1
9283,8273,582,361,cat_0
9284,6293,951,925,cat_4
9285,8573,964,891,cat_2
9286,1988,418,30,cat_0
9287,2822,873,124,cat_0
9288,6210,822,150,cat_4
9289,8003,518,709,cat_4
9290,4225,977,308,cat_0
9291,2700,553,20,cat_3
9292,4832,495,607,cat_0
9293,3994,905,467,cat_4
9294,4942,39,932,cat_2
9295,7979,611,117,cat_4
9296,3131,784,115,cat_1
9297,4216,926,442,cat_3
9298,6388,497,61,cat_0
9299,9748,401,285,cat_0
9300,9941,847,681,cat_0
9301,2190,950,471,cat_0
9302,1610,346,793,cat_4
9303,8117,838,966,cat_0
9304,8559,784,690,cat_1
9305,9349,64,831,cat_1
9306,9470,451,769,cat_4
9307,2460,600,561,cat_4
9308,4829,717,712,cat_4
9309,9789,251,248,cat_0
9310,7791,609,710,cat_3
9311,4918,671,791,cat_3
9312,5099,650,532,cat_2
9313,6582,725,998,cat_0
9314,8351,201,681,cat_2
9315,4815,723,603,cat_3
9316,1415,526,98,cat_4
9317,3407,333,303,cat_3
9318,9693,82,333,cat_0
9319,3675,280,10,cat_3
9320,8847,975,973,cat_3
9321,9963,798,302,cat_1
9322,9417,348,403,cat_4
9323,3319,524,154,cat_4
9324,7937,671,951,cat_0
9325,1225,669,481,cat_2
9326,8752,870,566,cat_1
9327,928,439,213,cat_3
9328,3941,66,318,cat_3
9329,2217,62,717,cat_0
9330,5750,633,530,cat_4
9331,4368,274,148,cat_1
9332,1927,326,40,cat_4
9333,9554,329,883,cat_4
9334,2854,693,940,cat_0
9335,7777,26,207,cat_0
9336,8806,755,411,cat_4
9337,9519,960,701,cat_0
9338,7534,332,884,cat_3
9339,6860,821,501,cat_0
9340,9814,60,630,cat_2
9341,5582,657,812,cat_1
9342,7879,283,445,cat_1
9343,5660,187,728,cat_4
9344,6992,794,610,cat_2
9345,9665,106,233,cat_3
9346,1587,758,640,cat_0
9347,7126,141,929,cat_1
9348,2513,607,795,cat_4
9349,2323,176,786,cat_1
9350,2948,625,945,cat_1
9351,1581,227,407,cat_2
9352,8907,736,230,cat_1
9353,2028,118,705,cat_1
9354,4531,106,105,cat_0
9355,6312,18,879,cat_3
9356,572,210,954,cat_0
9357,982,3,997,cat_1
9358,8035,817,15,cat_1
9359,979,735,226,cat_1
9360,5886,973,533,cat_3
9361,3524,910,8,cat_0
9362,8417,779,896,cat_1
9363,7522,979,860,cat_0
9364,482,838,938,cat_4
9365,1259,282,622,cat_4
9366,5500,260,841,cat_1
9367,6601,503,639,cat_2
9368,3975,137,224,cat_3
9369,3470,626,570,cat_3
9370,613,78,735,cat_4
9371,9142,105,33,cat_3
9372,6014,514,673,cat_3
9373,3987,697,274,cat_3
9374,9587,875,166,cat_3
9375,9853,343,6,cat_1
9376,3187,822,201,cat_4
9377,3642,768,8,cat_3
9378,9591,228,990,cat_4
9379,1416,112,475,cat_2
9380,5796,240,612,cat_4
9381,8601,290,832,cat_1
9382,2173,966,167,cat_0
9383,226,560,79,cat_0
9384,9845,624,642,cat_0
9385,8859,246,232,cat_3
9386,2380,33,477,cat_2
9387,2755,554,788,cat_4
9388,3039,968,683,cat_1
9389,8820,439,433,cat_0
9390,263,988,55,cat_3
9391,9047,525,686,cat_2
9392,3960,204,840,cat_2
9393,1952,60,691,cat_1
9394,822,397,208,cat_1
9395,7024,58,372,cat_2
9396,6654,523,238,cat_0
9397,533,63,733,cat_3
9398,5954,884,237,cat_2
9399,1710,799,984,cat_4
9400,959,380,997,cat_1
9401,8880,356,426,cat_1
9402,3607,413,620,cat_3
9403,8699,404,119,cat_4
9404,1243,718,877,cat_4
9405,7648,349,765,cat_1
9406,4120,179,5,cat_4
9407,668,915,703,cat_4
9408,3376,228,369,cat_3
9409,2602,5,233,cat_0
9410,6624,212,93,cat_1
9411,20,194,980,cat_0
9412,6696,611,230,cat_3
9413,4070,179,590,cat_0
9414,2175,762,601,cat_2
9415,7015,990,547,cat_4
9416,3880,606,706,cat_4
9417,7576,638,141,cat_3
9418,6786,439,132,cat_4
9419,7330,193,928,cat_1
9420,713,311,714,cat_3
9421,7773,691,975,cat_2
9422,8379,6,971,cat_0
9423,7639,8,579,cat_2
9424,8728,757,147,cat_2
9425,7967,426,591,cat_0
9426,6505,989,577,cat_4
9427,6685,720,573,cat_1
9428,6811,647,165,cat_0
9429,3130,92,781,cat_3
9430,6790,882,873,cat_1
9431,2404,836,487,cat_3
9432,5521,399,355,cat_2
9433,8844,524,837,cat_1
9434,8885,233,380,cat_3
9435,6242,915,574,cat_1
9436,4258,55,78,cat_2
9437,5383,123,321,cat_1
9438,2474,124,361,cat_1
9439,1102,836,115,cat_4
9440,5999,175,609,cat_0
9441,9217,857,527,cat_0
9442,2744,57,448,cat_2
9443,5848,172,859,cat_2
9444,2017,132,660,cat_3
9445,6575,880,767,cat_4
9446,2938,948,121,cat_4
9447,8347,935,821,cat_4
9448,6911,236,381,cat_1
9449,3720,640,49,cat_0
9450,3964,126,64,cat_1
9451,7171,901,854,cat_0
9452,768,796,194,cat_2
9453,1954,205,914,cat_2
9454,7893,732,949,cat_3
9455,7288,869,233,cat_2
9456,8548,68,644,cat_0
9457,4747,6,704,cat_1
9458,3221,426,694,cat_0
9459,2447,398,564,cat_1
9460,5784,696,718,cat_4
9461,9000,82,490,cat_3
9462,7969,919,667,cat_3
9463,4977,199,739,cat_2
9464,9102,547,276,cat_4
9465,9830,265,536,cat_1
9466,8095,604,629,cat_4
9467,373,885,240,cat_4
9468,4999,349,958,cat_3
9469,8916,229,474,cat_3
9470,1496,194,947,cat_1
9471,419,189,66,cat_4
9472,3355,902,7,cat_2
9473,3868,931,229,cat_2
9474,1001,15,249,cat_1
9475,4613,42,106,cat_4
9476,2370,624,657,cat_2
9477,9780,713,598,cat_0
9478,3092,245,884,cat_4
9479,2521,715,641,cat_4
9480,4063,17,261,cat_0
9481,6875,117,585,cat_0
9482,9501,200,39,cat_3
9483,3541,767,437,cat_3
9484,9294,542,842,cat_4
9485,3413,902,413,cat_2
9486,7182,765,106,cat_1
9487,6132,639,26,cat_2
9488,9560,650,539,cat_4
9489,4260,136,4,cat_2
9490,658,932,568,cat_1
9491,9729,82,772,cat_3
9492,7644,192,42,cat_0
9493,6399,232,437,cat_0
9494,4059,488,601,cat_4
9495,9489,311,590,cat_0
9496,9780,716,150,cat_4
9497,7328,832,797,cat_0
9498,2575,661,343,cat_3
9499,4882,703,250,cat_4
9500,3273,769,686,cat_1
9501,8082,393,190,cat_4
9502,4484,544,593,cat_1
9503,7773,301,338,cat_3
9504,1084,967,791,cat_3
9505,5238,801,993,cat_1
9506,8377,331,601,cat_2
9507,9183,226,100,cat_3
9508,9532,646,817,cat_1
9509,4574,318,687,cat_4
9510,6921,862,907,cat_1
9511,6498,991,890,cat_2
9512,8559,575,660,cat_4
9513,5170,3,255,cat_2
9514,1246,904,169,cat_0
9515,7008,238,418,cat_0
9516,1087,486,269,cat_3
9517,3090,693,94,cat_3
9518,525,102,655,cat_0
9519,2296,291,279,cat_1
9520,4787,965,874,cat_4
9521,265,395,50,cat_0
9522,3038,415,449,cat_2
9523,8846,471,728,cat_1
9524,251,162,655,cat_1
9525,1784,292,532,cat_1
9526,5350,556,126,cat_0
9527,629,428,309,cat_1
9528,1500,20,344,cat_1
9529,9315,924,324,cat_1
9530,1400,125,216,cat_0
9531,5847,444,70,cat_4
9532,4161,940,564,cat_4
9533,4462,424,258,cat_2
9534,1717,858,557,cat_0
9535,6647,182,405,cat_1
9536,1127,227,641,cat_2
9537,9171,572,511,cat_4
9538,313,777,223,cat_0
9539,1431,304,866,cat_4
9540,3424,901,183,cat_2
9541,765,516,721,cat_4
9542,2111,319,353,cat_4
9543,3218,257,705,cat_1
9544,7548,186,120,cat_4
9545,3354,368,352,cat_3
9546,6392,707,333,cat_0
9547,7016,924,407,cat_2
9548,4426,31,814,cat_2
9549,2770,474,214,cat_0
9550,1755,412,438,cat_0
9551,6787,361,769,cat_4
9552,8337,641,201,cat_3
9553,3908,669,418,cat_4
9554,1701,332,758,cat_1
9555,3273,488,813,cat_1
9556,2336,936,207,cat_1
9557,937,920,191,cat_3
9558,8964,171,951,cat_0
9559,6712,611,376,cat_2
9560,4172,321,129,cat_3
9561,512,65,713,cat_4
9562,6549,433,435,cat_0
9563,6478,327,476,cat_4
9564,2483,226,555,cat_1
9565,2621,886,463,cat_4
9566,1522,242,759,cat_3
9567,3362,446,781,cat_3
9568,3373,240,882,cat_0
9569,3726,65,284,cat_1
9570,4939,836,882,cat_1
9571,9894,233,399,cat_4
9572,7783,433,857,cat_4
9573,8594,907,175,cat_3
9574,3233,60,183,cat_0
9575,123,209,232,cat_4
9576,6775,389,740,cat_2
9577,1461,699,12,cat_4
9578,31,830,933,cat_3
9579,9907,958,39,cat_1
9580,5838,474,7,cat_2
9581,9899,806,161,cat_2
9582,3844,377,616,cat_0
9583,8843,196,918,cat_2
9584,1335,144,4,cat_3
9585,1696,456,918,cat_1
9586,2078,341,422,cat_4
9587,3399,563,710,cat_0
9588,1406,329,456,cat_1
9589,4455,160,800,cat_1
9590,8211,87,282,cat_2
9591,149,255,347,cat_0
9592,9917,656,672,cat_1
9593,2918,309,122,cat_4
9594,5900,531,973,cat_1
9595,8856,650,572,cat_4
9596,6993,687,823,cat_3
9597,9790,652,661,cat_4
9598,6899,140,903,cat_3
9599,9596,940,59,cat_1
9600,7616,349,809,cat_1
9601,7400,823,359,cat_0
9602,2770,807,23,cat_1
9603,7676,380,523,cat_1
9604,158,377,743,cat_1
9605,455,106,883,cat_2
9606,1404,120,662,cat_0
9607,9233,860,201,cat_3
9608,4817,390,264,cat_2
9609,7443,568,427,cat_4
9610,2202,50,883,cat_0
9611,9080,333,445,cat_2
9612,2871,945,568,cat_1
9613,7729,8,470,cat_0
9614,4744,207,296,cat_0
9615,8124,564,970,cat_1
9616,8887,867,729,cat_2
9617,7704,109,952,cat_3
9618,4708,990,509,cat_2
9619,1634,778,513,cat_2
9620,4598,448,757,cat_3
9621,3169,463,872,cat_0
9622,397,599,339,cat_3
9623,4337,764,219,cat_2
9624,7841,908,125,cat_4
9625,1179,614,471,cat_0
9626,5602,565,596,cat_2
9627,774,166,147,cat_1
9628,1972,822,538,cat_2
9629,1426,656,876,cat_2
9630,486,207,849,cat_4
9631,1208,238,713,cat_3
9632,4496,544,995,cat_2
9633,848,275,178,cat_3
9634,8677,263,55,cat_4
9635,9098,849,944,cat_1
9636,2314,794,160,cat_0
9637,2064,572,775,cat_2
9638,5188,130,540,cat_1
9639,9872,779,831,cat_2
9640,8389,38,291,cat_4
9641,9343,434,757,cat_0
9642,1352,307,551,cat_3
9643,1021,575,86,cat_2
9644,830,943,869,cat_2
9645,8733,242,181,cat_4
9646,2683,119,370,cat_0
9647,1886,636,90,cat_2
9648,7567,517,447,cat_0
9649,1774,902,148,cat_3
9650,3993,341,375,cat_1
9651,388,977,733,cat_2
9652,4860,158,21,cat_4
9653,2709,245,727,cat_0
9654,3518,500,30,cat_3
9655,9927,796,68,cat_1
9656,8000,603,808,cat_2
9657,6770,594,977,cat_1
9658,8807,491,89,cat_0
9659,1738,632,814,cat_1
9660,9166,763,474,cat_0
9661,4812,451,128,cat_4
9662,5112,841,123,cat_3
9663,8631,317,162,cat_3
9664,864,125,99,cat_2
9665,7361,480,169,cat_4
9666,9902,534,528,cat_4
9667,7022,537,55,cat_2
9668,320,758,830,cat_3
9669,5617,29,70,cat_0
9670,6961,797,368,cat_4
9671,822,109,699,cat_0
9672,1345,690,186,cat_3
9673,3529,856,451,cat_0
9674,280,432,602,cat_2
9675,3041,714,300,cat_2
9676,7813,471,407,cat_4
9677,2138,724,631,cat_2
9678,5846,29,794,cat_3
9679,4375,921,71,cat_0
9680,6252,968,252,cat_1
9681,33,739,546,cat_4
9682,8750,891,103,cat_1
9683,7595,935,983,cat_1
9684,4773,240,224,cat_3
9685,7455,603,653,cat_1
9686,7616,38,534,cat_0
9687,5525,760,317,cat_2
9688,2448,577,401,cat_4
9689,877,35,292,cat_3
9690,6073,158,152,cat_0
9691,6790,710,892,cat_1
9692,4908,471,390,cat_4
9693,4935,954,692,cat_3
9694,2537,771,743,cat_1
9695,87,130,254,cat_4
9696,8554,176,340,cat_1
9697,3786,239,772,cat_1
9698,9921,387,958,cat_0
9699,3692,69,190,cat_2
9700,2179,74,959,cat_2
9701,6144,416,266,cat_4
9702,6547,226,869,cat_4
9703,9371,856,46,cat_3
9704,459,241,630,cat_0
9705,503,493,717,cat_0
9706,1147,749,258,cat_1
9707,4655,72,30,cat_3
9708,2309,678,130,cat_4
9709,1069,451,40,cat_2
9710,4177,343,181,cat_1
9711,6795,617,117,cat_2
9712,7276,115,350,cat_0
9713,660,417,491,cat_4
9714,1943,761,492,cat_1
9715,3782,188,166,cat_0
9716,4942,263,509,cat_1
9717,1497,315,897,cat_3
9718,5977,704,775,cat_2
9719,4150,897,892,cat_4
9720,2412,208,675,cat_0
9721,4287,471,967,cat_4
9722,835,810,314,cat_1
9723,3536,43,514,cat_1
9724,3168,91,744,cat_1
9725,4043,74,82,cat_1
9726,7898,621,195,cat_4
9727,838,764,646,cat_1
9728,9185,309,167,cat_1
9729,2444,960,176,cat_2
9730,8359,698,969,cat_2
9731,3883,695,420,cat_3
9732,5857,432,698,cat_2
9733,6328,729,976,cat_2
9734,9298,428,179,cat_2
9735,8283,880,398,cat_0
9736,9521,955,831,cat_0
9737,5998,452,61,cat_2
9738,420,416,320,cat_2
9739,4735,595,571,cat_3
9740,2842,433,865,cat_1
9741,306,684,497,cat_4
9742,601,89,424,cat_4
9743,7325,774,94,cat_4
9744,4624,467,733,cat_2
9745,1837,142,923,cat_3
9746,9841,450,562,cat_4
9747,5386,194,437,cat_0
9748,7883,134,969,cat_4
9749,9178,19,647,cat_3
9750,123,456,247,cat_3
9751,4940,637,981,cat_1
9752,228,963,325,cat_3
9753,9926,69,919,cat_3
9754,6296,559,430,cat_4
9755,8181,162,476,cat_0
9756,6790,912,200,cat_4
9757,1586,149,346,cat_1
9758,9236,806,837,cat_2
9759,1588,880,270,cat_2
9760,7332,679,641,cat_0
9761,5100,53,18,cat_1
9762,2215,161,931,cat_4
9763,3754,471,489,cat_1
9764,1959,737,577,cat_0
9765,5153,415,145,cat_0
9766,1030,884,17,cat_4
9767,7362,918,109,cat_0
9768,388,339,875,cat_0
9769,2144,105,885,cat_4
9770,2799,780,42,cat_4
9771,3580,974,394,cat_1
9772,773,781,883,cat_1
9773,946,434,517,cat_3
9774,5638,677,532,cat_1
9775,1949,458,933,cat_0
9776,1621,734,232,cat_3
9777,5115,419,359,cat_1
9778,6263,60,868,cat_2
9779,1947,993,410,cat_3
9780,7143,528,640,cat_3
9781,9885,23,404,cat_1
9782,8871,923,957,cat_0
9783,6403,271,251,cat_0
9784,1717,655,522,cat_3
9785,6168,82,586,cat_1
9786,1413,504,896,cat_3
9787,1216,605,245,cat_1
9788,2116,200,83,cat_0
9789,6591,749,616,cat_3
9790,3247,220,884,cat_4
9791,2079,523,741,cat_4
9792,2515,291,232,cat_1
9793,6026,791,813,cat_2
9794,7701,400,11,cat_3
9795,6654,447,396,cat_2
9796,1933,898,419,cat_1
9797,9670,716,127,cat_1
9798,9047,270,626,cat_1
9799,360,422,569,cat_0
9800,7062,839,476,cat_0
9801,6161,515,28,cat_1
9802,530,234,751,cat_0
9803,6456,256,295,cat_1
9804,4809,205,112,cat_4
9805,9661,891,126,cat_4
9806,884,474,583,cat_2
9807,4511,526,887,cat_2
9808,4701,259,240,cat_3
9809,8751,796,605,cat_4
9810,8554,534,350,cat_4
9811,6608,289,485,cat_0
9812,1696,771,988,cat_2
9813,7535,31,800,cat_4
9814,5151,636,581,cat_2
9815,3655,846,112,cat_4
9816,9300,27,757,cat_1
9817,901,427,424,cat_4
9818,7723,425,739,cat_4
9819,3935,755,40,cat_0
9820,6224,722,424,cat_1
9821,9024,127,672,cat_1
9822,2276,216,523,cat_2
9823,1111,749,699,cat_4
9824,4774,898,540,cat_3
9825,9972,902,446,cat_1
9826,7853,636,355,cat_0
9827,5235,838,348,cat_0
9828,2538,314,887,cat_3
9829,7417,908,686,cat_3
9830,2165,526,777,cat_1
9831,757,59,767,cat_1
9832,2443,333,130,cat_3
9833,2897,160,244,cat_1
9834,6650,743,304,cat_0
9835,4928,459,890,cat_4
9836,2710,706,541,cat_0
9837,8720,251,304,cat_1
9838,8885,286,343,cat_1
9839,4644,245,243,cat_3
9840,5965,411,143,cat_4
9841,2825,692,229,cat_2
9842,9834,38,96,cat_0
9843,584,186,914,cat_2
9844,6420,113,483,cat_4
9845,2598,629,552,cat_3
9846,7962,39,11,cat_2
9847,7351,999,477,cat_4
9848,2007,786,660,cat_1
9849,8212,210,435,cat_1
9850,7483,528,673,cat_1
9851,1461,817,557,cat_4
9852,1448,504,978,cat_3
9853,3429,301,206,cat_3
9854,7458,388,132,cat_4
9855,213,956,957,cat_0
9856,6275,725,655,cat_1
9857,7426,965,157,cat_2
9858,9830,432,308,cat_3
9859,309,147,545,cat_0
9860,9330,76,446,cat_4
9861,3981,84,507,cat_1
9862,2561,754,566,cat_1
9863,7494,255,479,cat_0
9864,4554,360,298,cat_0
9865,2989,108,347,cat_0
9866,3680,753,562,cat_1
9867,8174,746,240,cat_4
9868,5678,398,616,cat_2
9869,3658,943,412,cat_1
9870,4827,885,982,cat_1
9871,5031,328,550,cat_0
9872,2110,322,258,cat_4
9873,1272,407,561,cat_2
9874,6612,962,201,cat_2
9875,4104,379,204,cat_2
9876,6956,260,195,cat_4
9877,7833,382,896,cat_3
9878,766,121,290,cat_2
9879,2727,160,597,cat_3
9880,2914,943,876,cat_0
9881,2134,850,90,cat_0
9882,8673,94,577,cat_3
9883,9665,167,383,cat_2
9884,4475,472,504,cat_0
9885,2485,44,761,cat_1
9886,382,984,975,cat_3
9887,8244,170,924,cat_0
9888,2601,500,304,cat_4
9889,2539,421,107,cat_3
9890,2049,43,205,cat_3
9891,3360,169,862,cat_0
9892,4542,94,510,cat_0
9893,6981,881,385,cat_3
9894,2532,374,948,cat_2
9895,1248,733,708,cat_1
9896,7862,637,158,cat_4
9897,1761,807,897,cat_0
9898,7434,285,403,cat_2
9899,8038,739,996,cat_0
9900,6016,676,256,cat_4
9901,6632,803,91,cat_3
9902,393,33,603,cat_1
9903,4055,286,792,cat_1
9904,3779,162,851,cat_3
9905,4894,22,570,cat_2
9906,5744,74,685,cat_1
9907,2390,383,93,cat_0
9908,3139,163,237,cat_3
9909,1209,385,672,cat_3
9910,9322,727,901,cat_3
9911,2747,398,438,cat_1
9912,7383,809,378,cat_4
9913,8204,57,679,cat_1
9914,7483,153,243,cat_0
9915,118,488,91,cat_1
9916,6937,723,575,cat_2
9917,840,549,387,cat_0
9918,6156,641,164,cat_2
9919,148,383,295,cat_3
9920,2575,323,563,cat_0
9921,1098,653,282,cat_1
9922,6328,508,505,cat_0
9923,951,833,607,cat_2
9924,5781,798,374,cat_2
9925,4105,506,380,cat_2
9926,7535,704,135,cat_3
9927,7392,705,211,cat_4
9928,6660,858,492,cat_0
9929,3688,968,283,cat_0
9930,8666,443,590,cat_2
9931,3114,87,346,cat_0
9932,5982,307,162,cat_4
9933,8619,381,279,cat_4
9934,6324,217,695,cat_0
9935,1260,591,861,cat_3
9936,882,263,865,cat_3
9937,7722,458,185,cat_0
9938,7795,83,581,cat_1
9939,1764,791,393,cat_2
9940,1707,447,605,cat_3
9941,8197,638,431,cat_2
9942,1312,608,127,cat_3
9943,2296,782,615,cat_0
9944,2717,317,342,cat_2
9945,4762,662,105,cat_3
9946,4198,427,238,cat_3
9947,4114,233,576,cat_4
9948,7316,312,69,cat_0
9949,7026,726,988,cat_3
9950,3807,936,269,cat_1
9951,94,251,633,cat_1
9952,1402,837,304,cat_0
9953,9463,889,513,cat_0
9954,4620,605,815,cat_1
9955,5033,277,646,cat_2
9956,9542,782,666,cat_1
9957,1431,179,587,cat_2
9958,4575,711,76,cat_3
9959,4645,69,212,cat_1
9960,27,289,361,cat_3
9961,6471,545,141,cat_1
9962,8224,182,354,cat_0
9963,8438,395,158,cat_2
9964,6916,694,138,cat_2
9965,7748,915,72,cat_4
9966,5817,810,739,cat_4
9967,6679,657,175,cat_2
9968,8142,696,250,cat_2
9969,4776,620,413,cat_1
9970,9047,483,223,cat_1
9971,3442,569,713,cat_4
9972,370,181,654,cat_1
9973,3347,526,117,cat_3
9974,4118,669,434,cat_3
9975,4996,366,43,cat_1
9976,7192,860,587,cat_1
9977,7346,848,857,cat_2
9978,7012,878,96,cat_0
9979,8703,236,659,cat_3
9980,6868,102,254,cat_3
9981,6950,97,336,cat_4
9982,7062,709,826,cat_0
9983,2999,185,221,cat_1
9984,8019,844,382,cat_0
9985,2079,852,394,cat_3
9986,4606,914,273,cat_0
9987,1643,578,754,cat_4
9988,3166,686,362,cat_1
9989,9273,479,941,cat_1
9990,8290,34,28,cat_4
9991,7597,82,958,cat_2
9992,4259,379,675,cat_1
9993,7823,21,436,cat_3
9994,5837,670,945,cat_3
9995,6338,760,681,cat_0
9996,5034,914,718,cat_2
9997,2230,231,657,cat_0
9998,6691,259,583,cat_2
9999,9763,587,402,cat_2
